run_id,scenario,variant,method,replicate,data_seed,init_seed,optimizer_seed,experiment_type,target_function,noise_std,depth,width,parameter_count,alpha,mutation_sigma,epochs,objective_evaluations,forward_passes,backward_passes,accepted_mutations,acceptance_rate,objective,train_mse,clean_mse,test_mse,violation_rate,training_time_s,status
baseline-sin_pi-r00-gd,baseline,sin_pi,GD,0,10000,20000,20000,curve,sin_pi,0.0,1,40,121,0.01,0.025066282746310002,2000,2000,2000,2000,,,0.001985642889293645,0.001985642889293645,0.001985642889293645,0.001918349226667956,0.305,0.17020783387124538,ok
baseline-sin_pi-r00-mc00,baseline,sin_pi,MC,0,10000,20000,1000000,curve,sin_pi,0.0,1,40,121,0.01,0.025066282746310002,2000,2000,2000,0,198.0,0.099,0.004824279001847687,0.004824279001847687,0.004824279001847687,0.004559480087349664,0.555,0.1057539579924196,ok
baseline-sin_pi-r00-mc01,baseline,sin_pi,MC,0,10000,20000,1000001,curve,sin_pi,0.0,1,40,121,0.01,0.025066282746310002,2000,2000,2000,0,167.0,0.0835,0.009431927808152824,0.009431927808152824,0.009431927808152824,0.009000443939765335,0.74,0.10525575000792742,ok
baseline-sin_pi-r00-mc02,baseline,sin_pi,MC,0,10000,20000,1000002,curve,sin_pi,0.0,1,40,121,0.01,0.025066282746310002,2000,2000,2000,0,183.0,0.0915,0.00404016132635581,0.00404016132635581,0.00404016132635581,0.0038647707673374727,0.595,0.10916158300824463,ok
baseline-sin_pi-r00-mc03,baseline,sin_pi,MC,0,10000,20000,1000003,curve,sin_pi,0.0,1,40,121,0.01,0.025066282746310002,2000,2000,2000,0,178.0,0.089,0.0025764828643082285,0.0025764828643082285,0.0025764828643082285,0.0025062468091390545,0.465,0.10803154087625444,ok
baseline-sin_pi-r00-mc04,baseline,sin_pi,MC,0,10000,20000,1000004,curve,sin_pi,0.0,1,40,121,0.01,0.025066282746310002,2000,2000,2000,0,174.0,0.087,0.005847548963348853,0.005847548963348853,0.005847548963348853,0.005569363478539061,0.65,0.10801745788194239,ok
baseline-sin_pi-r00-mc05,baseline,sin_pi,MC,0,10000,20000,1000005,curve,sin_pi,0.0,1,40,121,0.01,0.025066282746310002,2000,2000,2000,0,188.0,0.094,0.00693075620721602,0.00693075620721602,0.00693075620721602,0.006631817742426305,0.68,0.10907062492333353,ok
baseline-sin_pi-r00-mc06,baseline,sin_pi,MC,0,10000,20000,1000006,curve,sin_pi,0.0,1,40,121,0.01,0.025066282746310002,2000,2000,2000,0,176.0,0.088,0.005763225275660522,0.005763225275660522,0.005763225275660522,0.005593931512141341,0.67,0.11237508314661682,ok
baseline-sin_pi-r00-mc07,baseline,sin_pi,MC,0,10000,20000,1000007,curve,sin_pi,0.0,1,40,121,0.01,0.025066282746310002,2000,2000,2000,0,198.0,0.099,0.003109078524850083,0.003109078524850083,0.003109078524850083,0.002949012416629979,0.345,0.11335625010542572,ok
baseline-sin_pi-r00-mc08,baseline,sin_pi,MC,0,10000,20000,1000008,curve,sin_pi,0.0,1,40,121,0.01,0.025066282746310002,2000,2000,2000,0,186.0,0.093,0.007026516922735242,0.007026516922735242,0.007026516922735242,0.0067831649983997174,0.695,0.11292683286592364,ok
baseline-sin_pi-r00-mc09,baseline,sin_pi,MC,0,10000,20000,1000009,curve,sin_pi,0.0,1,40,121,0.01,0.025066282746310002,2000,2000,2000,0,177.0,0.0885,0.011304997318131862,0.011304997318131862,0.011304997318131862,0.010891509139281996,0.76,0.11567020905204117,ok
baseline-sin_pi-r01-gd,baseline,sin_pi,GD,1,10001,20001,20001,curve,sin_pi,0.0,1,40,121,0.01,0.025066282746310002,2000,2000,2000,2000,,,0.003205947713362968,0.003205947713362968,0.003205947713362968,0.00307562636984101,0.46,0.17815683293156326,ok
baseline-sin_pi-r01-mc00,baseline,sin_pi,MC,1,10001,20001,1000100,curve,sin_pi,0.0,1,40,121,0.01,0.025066282746310002,2000,2000,2000,0,184.0,0.092,0.006684218668639009,0.006684218668639009,0.006684218668639009,0.00633247767935081,0.64,0.11071462510153651,ok
baseline-sin_pi-r01-mc01,baseline,sin_pi,MC,1,10001,20001,1000101,curve,sin_pi,0.0,1,40,121,0.01,0.025066282746310002,2000,2000,2000,0,179.0,0.0895,0.005524408104454175,0.005524408104454175,0.005524408104454175,0.005257913351721413,0.64,0.11473266687244177,ok
baseline-sin_pi-r01-mc02,baseline,sin_pi,MC,1,10001,20001,1000102,curve,sin_pi,0.0,1,40,121,0.01,0.025066282746310002,2000,2000,2000,0,181.0,0.0905,0.008835144785144265,0.008835144785144265,0.008835144785144265,0.008479198140004349,0.725,0.10402483306825161,ok
baseline-sin_pi-r01-mc03,baseline,sin_pi,MC,1,10001,20001,1000103,curve,sin_pi,0.0,1,40,121,0.01,0.025066282746310002,2000,2000,2000,0,186.0,0.093,0.004935514687350543,0.004935514687350543,0.004935514687350543,0.00466797436757985,0.605,0.1040063330437988,ok
baseline-sin_pi-r01-mc04,baseline,sin_pi,MC,1,10001,20001,1000104,curve,sin_pi,0.0,1,40,121,0.01,0.025066282746310002,2000,2000,2000,0,169.0,0.0845,0.006227986723161474,0.006227986723161474,0.006227986723161474,0.005921644050969146,0.625,0.11686004209332168,ok
baseline-sin_pi-r01-mc05,baseline,sin_pi,MC,1,10001,20001,1000105,curve,sin_pi,0.0,1,40,121,0.01,0.025066282746310002,2000,2000,2000,0,177.0,0.0885,0.007755072041331451,0.007755072041331451,0.007755072041331451,0.0074425018620960445,0.71,0.12268133298493922,ok
baseline-sin_pi-r01-mc06,baseline,sin_pi,MC,1,10001,20001,1000106,curve,sin_pi,0.0,1,40,121,0.01,0.025066282746310002,2000,2000,2000,0,176.0,0.088,0.003542121787865732,0.003542121787865732,0.003542121787865732,0.003338624304490861,0.51,0.11619341699406505,ok
baseline-sin_pi-r01-mc07,baseline,sin_pi,MC,1,10001,20001,1000107,curve,sin_pi,0.0,1,40,121,0.01,0.025066282746310002,2000,2000,2000,0,179.0,0.0895,0.005187804807683665,0.005187804807683665,0.005187804807683665,0.004985452049176044,0.645,0.11819362500682473,ok
baseline-sin_pi-r01-mc08,baseline,sin_pi,MC,1,10001,20001,1000108,curve,sin_pi,0.0,1,40,121,0.01,0.025066282746310002,2000,2000,2000,0,187.0,0.0935,0.004535793810498778,0.004535793810498778,0.004535793810498778,0.0043782487984026265,0.63,0.11753016710281372,ok
baseline-sin_pi-r01-mc09,baseline,sin_pi,MC,1,10001,20001,1000109,curve,sin_pi,0.0,1,40,121,0.01,0.025066282746310002,2000,2000,2000,0,178.0,0.089,0.003134204339901707,0.003134204339901707,0.003134204339901707,0.0030831409341350443,0.525,0.11976691707968712,ok
baseline-sin_pi-r02-gd,baseline,sin_pi,GD,2,10002,20002,20002,curve,sin_pi,0.0,1,40,121,0.01,0.025066282746310002,2000,2000,2000,2000,,,0.003250562411522329,0.003250562411522329,0.003250562411522329,0.0031197891539250025,0.46,0.1827902088407427,ok
baseline-sin_pi-r02-mc00,baseline,sin_pi,MC,2,10002,20002,1000200,curve,sin_pi,0.0,1,40,121,0.01,0.025066282746310002,2000,2000,2000,0,174.0,0.087,0.00854644821933508,0.00854644821933508,0.00854644821933508,0.00816501868729348,0.7,0.10918108280748129,ok
baseline-sin_pi-r02-mc01,baseline,sin_pi,MC,2,10002,20002,1000201,curve,sin_pi,0.0,1,40,121,0.01,0.025066282746310002,2000,2000,2000,0,172.0,0.086,0.0075666944984098695,0.0075666944984098695,0.0075666944984098695,0.007224781667973953,0.68,0.11829491704702377,ok
baseline-sin_pi-r02-mc02,baseline,sin_pi,MC,2,10002,20002,1000202,curve,sin_pi,0.0,1,40,121,0.01,0.025066282746310002,2000,2000,2000,0,178.0,0.089,0.00653273821212066,0.00653273821212066,0.00653273821212066,0.006259650568628178,0.665,0.10789570794440806,ok
baseline-sin_pi-r02-mc03,baseline,sin_pi,MC,2,10002,20002,1000203,curve,sin_pi,0.0,1,40,121,0.01,0.025066282746310002,2000,2000,2000,0,175.0,0.0875,0.0056659334460975866,0.0056659334460975866,0.0056659334460975866,0.005436399486844946,0.65,0.11389783397316933,ok
baseline-sin_pi-r02-mc04,baseline,sin_pi,MC,2,10002,20002,1000204,curve,sin_pi,0.0,1,40,121,0.01,0.025066282746310002,2000,2000,2000,0,174.0,0.087,0.008604487142556795,0.008604487142556795,0.008604487142556795,0.008106087123599946,0.705,0.10656125005334616,ok
baseline-sin_pi-r02-mc05,baseline,sin_pi,MC,2,10002,20002,1000205,curve,sin_pi,0.0,1,40,121,0.01,0.025066282746310002,2000,2000,2000,0,163.0,0.0815,0.008787893695914626,0.008787893695914626,0.008787893695914626,0.00835245835481649,0.725,0.11143420799635351,ok
baseline-sin_pi-r02-mc06,baseline,sin_pi,MC,2,10002,20002,1000206,curve,sin_pi,0.0,1,40,121,0.01,0.025066282746310002,2000,2000,2000,0,159.0,0.0795,0.006223489258137296,0.006223489258137296,0.006223489258137296,0.005909573168557666,0.665,0.10511575010605156,ok
baseline-sin_pi-r02-mc07,baseline,sin_pi,MC,2,10002,20002,1000207,curve,sin_pi,0.0,1,40,121,0.01,0.025066282746310002,2000,2000,2000,0,159.0,0.0795,0.004354879575581948,0.004354879575581948,0.004354879575581948,0.004221892839318148,0.62,0.10007374989800155,ok
baseline-sin_pi-r02-mc08,baseline,sin_pi,MC,2,10002,20002,1000208,curve,sin_pi,0.0,1,40,121,0.01,0.025066282746310002,2000,2000,2000,0,186.0,0.093,0.006482647409784382,0.006482647409784382,0.006482647409784382,0.006120436559209281,0.635,0.10890095890499651,ok
baseline-sin_pi-r02-mc09,baseline,sin_pi,MC,2,10002,20002,1000209,curve,sin_pi,0.0,1,40,121,0.01,0.025066282746310002,2000,2000,2000,0,185.0,0.0925,0.004732205175593992,0.004732205175593992,0.004732205175593992,0.004529513216648107,0.605,0.11998312501236796,ok
baseline-sin_pi-r03-gd,baseline,sin_pi,GD,3,10003,20003,20003,curve,sin_pi,0.0,1,40,121,0.01,0.025066282746310002,2000,2000,2000,2000,,,0.002089820326320823,0.002089820326320823,0.002089820326320823,0.002016492345207932,0.315,0.1770123338792473,ok
baseline-sin_pi-r03-mc00,baseline,sin_pi,MC,3,10003,20003,1000300,curve,sin_pi,0.0,1,40,121,0.01,0.025066282746310002,2000,2000,2000,0,170.0,0.085,0.005619203434362969,0.005619203434362969,0.005619203434362969,0.005435697383758891,0.615,0.10318191698752344,ok
baseline-sin_pi-r03-mc01,baseline,sin_pi,MC,3,10003,20003,1000301,curve,sin_pi,0.0,1,40,121,0.01,0.025066282746310002,2000,2000,2000,0,188.0,0.094,0.0024347577223183623,0.0024347577223183623,0.0024347577223183623,0.0023366397043479265,0.4,0.10400983411818743,ok
baseline-sin_pi-r03-mc02,baseline,sin_pi,MC,3,10003,20003,1000302,curve,sin_pi,0.0,1,40,121,0.01,0.025066282746310002,2000,2000,2000,0,167.0,0.0835,0.007152652925959682,0.007152652925959682,0.007152652925959682,0.006865518018052181,0.69,0.12012233422137797,ok
baseline-sin_pi-r03-mc03,baseline,sin_pi,MC,3,10003,20003,1000303,curve,sin_pi,0.0,1,40,121,0.01,0.025066282746310002,2000,2000,2000,0,168.0,0.084,0.005418158115086805,0.005418158115086805,0.005418158115086805,0.005251121977510033,0.645,0.12146662501618266,ok
baseline-sin_pi-r03-mc04,baseline,sin_pi,MC,3,10003,20003,1000304,curve,sin_pi,0.0,1,40,121,0.01,0.025066282746310002,2000,2000,2000,0,178.0,0.089,0.004568226303724158,0.004568226303724158,0.004568226303724158,0.004345048142190774,0.59,0.1263912501744926,ok
baseline-sin_pi-r03-mc05,baseline,sin_pi,MC,3,10003,20003,1000305,curve,sin_pi,0.0,1,40,121,0.01,0.025066282746310002,2000,2000,2000,0,163.0,0.0815,0.0039041867115821804,0.0039041867115821804,0.0039041867115821804,0.0037985378411199743,0.59,0.1098926670383662,ok
baseline-sin_pi-r03-mc06,baseline,sin_pi,MC,3,10003,20003,1000306,curve,sin_pi,0.0,1,40,121,0.01,0.025066282746310002,2000,2000,2000,0,162.0,0.081,0.0039063784991600755,0.0039063784991600755,0.0039063784991600755,0.003654809145325023,0.48,0.11133900005370378,ok
baseline-sin_pi-r03-mc07,baseline,sin_pi,MC,3,10003,20003,1000307,curve,sin_pi,0.0,1,40,121,0.01,0.025066282746310002,2000,2000,2000,0,157.0,0.0785,0.0039469131853318695,0.0039469131853318695,0.0039469131853318695,0.003831354541480808,0.52,0.11493499996140599,ok
baseline-sin_pi-r03-mc08,baseline,sin_pi,MC,3,10003,20003,1000308,curve,sin_pi,0.0,1,40,121,0.01,0.025066282746310002,2000,2000,2000,0,162.0,0.081,0.0070089403386780534,0.0070089403386780534,0.0070089403386780534,0.006795117221958423,0.71,0.12266520783305168,ok
baseline-sin_pi-r03-mc09,baseline,sin_pi,MC,3,10003,20003,1000309,curve,sin_pi,0.0,1,40,121,0.01,0.025066282746310002,2000,2000,2000,0,170.0,0.085,0.005070035827980161,0.005070035827980161,0.005070035827980161,0.00485869048778436,0.62,0.11366354185156524,ok
baseline-sin_pi-r04-gd,baseline,sin_pi,GD,4,10004,20004,20004,curve,sin_pi,0.0,1,40,121,0.01,0.025066282746310002,2000,2000,2000,2000,,,0.0032569319978717646,0.0032569319978717646,0.0032569319978717646,0.003125755777245492,0.465,0.17913400009274483,ok
baseline-sin_pi-r04-mc00,baseline,sin_pi,MC,4,10004,20004,1000400,curve,sin_pi,0.0,1,40,121,0.01,0.025066282746310002,2000,2000,2000,0,194.0,0.097,0.004187254415400496,0.004187254415400496,0.004187254415400496,0.003845105492664023,0.355,0.12430358282290399,ok
baseline-sin_pi-r04-mc01,baseline,sin_pi,MC,4,10004,20004,1000401,curve,sin_pi,0.0,1,40,121,0.01,0.025066282746310002,2000,2000,2000,0,197.0,0.0985,0.004476794477224196,0.004476794477224196,0.004476794477224196,0.0041655276970309855,0.395,0.1271308339200914,ok
baseline-sin_pi-r04-mc02,baseline,sin_pi,MC,4,10004,20004,1000402,curve,sin_pi,0.0,1,40,121,0.01,0.025066282746310002,2000,2000,2000,0,172.0,0.086,0.007523846421897367,0.007523846421897367,0.007523846421897367,0.00715165067406025,0.695,0.1329190421383828,ok
baseline-sin_pi-r04-mc03,baseline,sin_pi,MC,4,10004,20004,1000403,curve,sin_pi,0.0,1,40,121,0.01,0.025066282746310002,2000,2000,2000,0,191.0,0.0955,0.008548625123688496,0.008548625123688496,0.008548625123688496,0.00814659208317158,0.72,0.1130403340794146,ok
baseline-sin_pi-r04-mc04,baseline,sin_pi,MC,4,10004,20004,1000404,curve,sin_pi,0.0,1,40,121,0.01,0.025066282746310002,2000,2000,2000,0,194.0,0.097,0.003612446105737926,0.003612446105737926,0.003612446105737926,0.003364014016791482,0.335,0.1285541660618037,ok
baseline-sin_pi-r04-mc05,baseline,sin_pi,MC,4,10004,20004,1000405,curve,sin_pi,0.0,1,40,121,0.01,0.025066282746310002,2000,2000,2000,0,183.0,0.0915,0.002346712313491043,0.002346712313491043,0.002346712313491043,0.00220934948903438,0.31,0.12679104204289615,ok
baseline-sin_pi-r04-mc06,baseline,sin_pi,MC,4,10004,20004,1000406,curve,sin_pi,0.0,1,40,121,0.01,0.025066282746310002,2000,2000,2000,0,185.0,0.0925,0.0026353419571314945,0.0026353419571314945,0.0026353419571314945,0.0024692307139499085,0.3,0.11722262483090162,ok
baseline-sin_pi-r04-mc07,baseline,sin_pi,MC,4,10004,20004,1000407,curve,sin_pi,0.0,1,40,121,0.01,0.025066282746310002,2000,2000,2000,0,167.0,0.0835,0.006813133151997911,0.006813133151997911,0.006813133151997911,0.0065838107293649676,0.71,0.12465570797212422,ok
baseline-sin_pi-r04-mc08,baseline,sin_pi,MC,4,10004,20004,1000408,curve,sin_pi,0.0,1,40,121,0.01,0.025066282746310002,2000,2000,2000,0,181.0,0.0905,0.0041551177343353675,0.0041551177343353675,0.0041551177343353675,0.00394934936542859,0.565,0.10992499999701977,ok
baseline-sin_pi-r04-mc09,baseline,sin_pi,MC,4,10004,20004,1000409,curve,sin_pi,0.0,1,40,121,0.01,0.025066282746310002,2000,2000,2000,0,193.0,0.0965,0.007553734849799527,0.007553734849799527,0.007553734849799527,0.007232925716058684,0.615,0.11227579088881612,ok
baseline-sin_pi-r05-gd,baseline,sin_pi,GD,5,10005,20005,20005,curve,sin_pi,0.0,1,40,121,0.01,0.025066282746310002,2000,2000,2000,2000,,,0.0021474248401241003,0.0021474248401241003,0.0021474248401241003,0.0020720150909376124,0.32,0.17837720806710422,ok
baseline-sin_pi-r05-mc00,baseline,sin_pi,MC,5,10005,20005,1000500,curve,sin_pi,0.0,1,40,121,0.01,0.025066282746310002,2000,2000,2000,0,179.0,0.0895,0.008094770699162892,0.008094770699162892,0.008094770699162892,0.00776049689793862,0.72,0.11821837513707578,ok
baseline-sin_pi-r05-mc01,baseline,sin_pi,MC,5,10005,20005,1000501,curve,sin_pi,0.0,1,40,121,0.01,0.025066282746310002,2000,2000,2000,0,192.0,0.096,0.0032422737025542903,0.0032422737025542903,0.0032422737025542903,0.003067065691957321,0.495,0.11813279101625085,ok
baseline-sin_pi-r05-mc02,baseline,sin_pi,MC,5,10005,20005,1000502,curve,sin_pi,0.0,1,40,121,0.01,0.025066282746310002,2000,2000,2000,0,185.0,0.0925,0.004768571429398486,0.004768571429398486,0.004768571429398486,0.004468281048060406,0.435,0.1334427499677986,ok
baseline-sin_pi-r05-mc03,baseline,sin_pi,MC,5,10005,20005,1000503,curve,sin_pi,0.0,1,40,121,0.01,0.025066282746310002,2000,2000,2000,0,169.0,0.0845,0.006695111565758676,0.006695111565758676,0.006695111565758676,0.006436932036180546,0.685,0.1276636249385774,ok
baseline-sin_pi-r05-mc04,baseline,sin_pi,MC,5,10005,20005,1000504,curve,sin_pi,0.0,1,40,121,0.01,0.025066282746310002,2000,2000,2000,0,179.0,0.0895,0.005962602606414925,0.005962602606414925,0.005962602606414925,0.005712603868307362,0.66,0.12608520803041756,ok
baseline-sin_pi-r05-mc05,baseline,sin_pi,MC,5,10005,20005,1000505,curve,sin_pi,0.0,1,40,121,0.01,0.025066282746310002,2000,2000,2000,0,189.0,0.0945,0.0051154257201741025,0.0051154257201741025,0.0051154257201741025,0.0049281558441847334,0.64,0.11922683380544186,ok
baseline-sin_pi-r05-mc06,baseline,sin_pi,MC,5,10005,20005,1000506,curve,sin_pi,0.0,1,40,121,0.01,0.025066282746310002,2000,2000,2000,0,185.0,0.0925,0.003523609854461956,0.003523609854461956,0.003523609854461956,0.0033621860996902687,0.545,0.11787991714663804,ok
baseline-sin_pi-r05-mc07,baseline,sin_pi,MC,5,10005,20005,1000507,curve,sin_pi,0.0,1,40,121,0.01,0.025066282746310002,2000,2000,2000,0,186.0,0.093,0.003574675983862541,0.003574675983862541,0.003574675983862541,0.003353878841308193,0.36,0.12103549996390939,ok
baseline-sin_pi-r05-mc08,baseline,sin_pi,MC,5,10005,20005,1000508,curve,sin_pi,0.0,1,40,121,0.01,0.025066282746310002,2000,2000,2000,0,188.0,0.094,0.00216641586237023,0.00216641586237023,0.00216641586237023,0.0020441811239133197,0.225,0.10480091604404151,ok
baseline-sin_pi-r05-mc09,baseline,sin_pi,MC,5,10005,20005,1000509,curve,sin_pi,0.0,1,40,121,0.01,0.025066282746310002,2000,2000,2000,0,192.0,0.096,0.0038019125991432066,0.0038019125991432066,0.0038019125991432066,0.003596983537715781,0.535,0.11601104214787483,ok
baseline-sin_pi-r06-gd,baseline,sin_pi,GD,6,10006,20006,20006,curve,sin_pi,0.0,1,40,121,0.01,0.025066282746310002,2000,2000,2000,2000,,,0.002305827396378898,0.002305827396378898,0.002305827396378898,0.0022216162757435092,0.365,0.18833541707135737,ok
baseline-sin_pi-r06-mc00,baseline,sin_pi,MC,6,10006,20006,1000600,curve,sin_pi,0.0,1,40,121,0.01,0.025066282746310002,2000,2000,2000,0,163.0,0.0815,0.00614043266890329,0.00614043266890329,0.00614043266890329,0.005854653206707187,0.63,0.12159595801495016,ok
baseline-sin_pi-r06-mc01,baseline,sin_pi,MC,6,10006,20006,1000601,curve,sin_pi,0.0,1,40,121,0.01,0.025066282746310002,2000,2000,2000,0,199.0,0.0995,0.0032346384887206605,0.0032346384887206605,0.0032346384887206605,0.00303916822729957,0.43,0.12756558298133314,ok
baseline-sin_pi-r06-mc02,baseline,sin_pi,MC,6,10006,20006,1000602,curve,sin_pi,0.0,1,40,121,0.01,0.025066282746310002,2000,2000,2000,0,176.0,0.088,0.008445329587903108,0.008445329587903108,0.008445329587903108,0.008018248289805234,0.705,0.12617116700857878,ok
baseline-sin_pi-r06-mc03,baseline,sin_pi,MC,6,10006,20006,1000603,curve,sin_pi,0.0,1,40,121,0.01,0.025066282746310002,2000,2000,2000,0,194.0,0.097,0.007241644128721144,0.007241644128721144,0.007241644128721144,0.006875957029690836,0.675,0.1251728751230985,ok
baseline-sin_pi-r06-mc04,baseline,sin_pi,MC,6,10006,20006,1000604,curve,sin_pi,0.0,1,40,121,0.01,0.025066282746310002,2000,2000,2000,0,171.0,0.0855,0.008977917297693615,0.008977917297693615,0.008977917297693615,0.008474111635273908,0.7,0.12169645889662206,ok
baseline-sin_pi-r06-mc05,baseline,sin_pi,MC,6,10006,20006,1000605,curve,sin_pi,0.0,1,40,121,0.01,0.025066282746310002,2000,2000,2000,0,175.0,0.0875,0.008647877502007174,0.008647877502007174,0.008647877502007174,0.008305616940068346,0.7,0.12264366587623954,ok
baseline-sin_pi-r06-mc06,baseline,sin_pi,MC,6,10006,20006,1000606,curve,sin_pi,0.0,1,40,121,0.01,0.025066282746310002,2000,2000,2000,0,176.0,0.088,0.005688210363491339,0.005688210363491339,0.005688210363491339,0.005433121632091165,0.665,0.13236054219305515,ok
baseline-sin_pi-r06-mc07,baseline,sin_pi,MC,6,10006,20006,1000607,curve,sin_pi,0.0,1,40,121,0.01,0.025066282746310002,2000,2000,2000,0,185.0,0.0925,0.006195001956383672,0.006195001956383672,0.006195001956383672,0.005975467475878567,0.67,0.12684345804154873,ok
baseline-sin_pi-r06-mc08,baseline,sin_pi,MC,6,10006,20006,1000608,curve,sin_pi,0.0,1,40,121,0.01,0.025066282746310002,2000,2000,2000,0,191.0,0.0955,0.005921011049958156,0.005921011049958156,0.005921011049958156,0.00560882473801958,0.615,0.11807533307000995,ok
baseline-sin_pi-r06-mc09,baseline,sin_pi,MC,6,10006,20006,1000609,curve,sin_pi,0.0,1,40,121,0.01,0.025066282746310002,2000,2000,2000,0,188.0,0.094,0.004370874022946708,0.004370874022946708,0.004370874022946708,0.0042031483515722855,0.615,0.1240073749795556,ok
baseline-sin_pi-r07-gd,baseline,sin_pi,GD,7,10007,20007,20007,curve,sin_pi,0.0,1,40,121,0.01,0.025066282746310002,2000,2000,2000,2000,,,0.00245302075248255,0.00245302075248255,0.00245302075248255,0.002361381777431905,0.39,0.20519295893609524,ok
baseline-sin_pi-r07-mc00,baseline,sin_pi,MC,7,10007,20007,1000700,curve,sin_pi,0.0,1,40,121,0.01,0.025066282746310002,2000,2000,2000,0,170.0,0.085,0.00265456374955906,0.00265456374955906,0.00265456374955906,0.0025860037423012013,0.48,0.12190816598013043,ok
baseline-sin_pi-r07-mc01,baseline,sin_pi,MC,7,10007,20007,1000701,curve,sin_pi,0.0,1,40,121,0.01,0.025066282746310002,2000,2000,2000,0,179.0,0.0895,0.008531268990587579,0.008531268990587579,0.008531268990587579,0.008159897726474132,0.71,0.1354161249473691,ok
baseline-sin_pi-r07-mc02,baseline,sin_pi,MC,7,10007,20007,1000702,curve,sin_pi,0.0,1,40,121,0.01,0.025066282746310002,2000,2000,2000,0,173.0,0.0865,0.00579721669294972,0.00579721669294972,0.00579721669294972,0.00547896823745167,0.62,0.15684391697868705,ok
baseline-sin_pi-r07-mc03,baseline,sin_pi,MC,7,10007,20007,1000703,curve,sin_pi,0.0,1,40,121,0.01,0.025066282746310002,2000,2000,2000,0,188.0,0.094,0.004686330261333432,0.004686330261333432,0.004686330261333432,0.004417620094708975,0.545,0.12375112483277917,ok
baseline-sin_pi-r07-mc04,baseline,sin_pi,MC,7,10007,20007,1000704,curve,sin_pi,0.0,1,40,121,0.01,0.025066282746310002,2000,2000,2000,0,160.0,0.08,0.004188300773422295,0.004188300773422295,0.004188300773422295,0.004063957313061529,0.56,0.12404050002805889,ok
baseline-sin_pi-r07-mc05,baseline,sin_pi,MC,7,10007,20007,1000705,curve,sin_pi,0.0,1,40,121,0.01,0.025066282746310002,2000,2000,2000,0,156.0,0.078,0.0070376220387119905,0.0070376220387119905,0.0070376220387119905,0.006692175669556304,0.665,0.12162820785306394,ok
baseline-sin_pi-r07-mc06,baseline,sin_pi,MC,7,10007,20007,1000706,curve,sin_pi,0.0,1,40,121,0.01,0.025066282746310002,2000,2000,2000,0,173.0,0.0865,0.004161171248767834,0.004161171248767834,0.004161171248767834,0.003923411144461549,0.52,0.12334183300845325,ok
baseline-sin_pi-r07-mc07,baseline,sin_pi,MC,7,10007,20007,1000707,curve,sin_pi,0.0,1,40,121,0.01,0.025066282746310002,2000,2000,2000,0,172.0,0.086,0.0063379377345449675,0.0063379377345449675,0.0063379377345449675,0.005981841361730712,0.6,0.1186266248114407,ok
baseline-sin_pi-r07-mc08,baseline,sin_pi,MC,7,10007,20007,1000708,curve,sin_pi,0.0,1,40,121,0.01,0.025066282746310002,2000,2000,2000,0,159.0,0.0795,0.002483096597932932,0.002483096597932932,0.002483096597932932,0.0023348420677084796,0.29,0.12035166705027223,ok
baseline-sin_pi-r07-mc09,baseline,sin_pi,MC,7,10007,20007,1000709,curve,sin_pi,0.0,1,40,121,0.01,0.025066282746310002,2000,2000,2000,0,168.0,0.084,0.0021685434558482287,0.0021685434558482287,0.0021685434558482287,0.002030609282131649,0.225,0.11872508400119841,ok
baseline-sin_pi-r08-gd,baseline,sin_pi,GD,8,10008,20008,20008,curve,sin_pi,0.0,1,40,121,0.01,0.025066282746310002,2000,2000,2000,2000,,,0.002255075215898509,0.002255075215898509,0.002255075215898509,0.002174780301912544,0.34,0.18314054096117616,ok
baseline-sin_pi-r08-mc00,baseline,sin_pi,MC,8,10008,20008,1000800,curve,sin_pi,0.0,1,40,121,0.01,0.025066282746310002,2000,2000,2000,0,173.0,0.0865,0.008399106310036205,0.008399106310036205,0.008399106310036205,0.00801162196410587,0.72,0.12536345794796944,ok
baseline-sin_pi-r08-mc01,baseline,sin_pi,MC,8,10008,20008,1000801,curve,sin_pi,0.0,1,40,121,0.01,0.025066282746310002,2000,2000,2000,0,169.0,0.0845,0.006171322516841391,0.006171322516841391,0.006171322516841391,0.005922285112838841,0.665,0.12769345799461007,ok
baseline-sin_pi-r08-mc02,baseline,sin_pi,MC,8,10008,20008,1000802,curve,sin_pi,0.0,1,40,121,0.01,0.025066282746310002,2000,2000,2000,0,169.0,0.0845,0.004983989475112432,0.004983989475112432,0.004983989475112432,0.004738018054048467,0.6,0.12648841692134738,ok
baseline-sin_pi-r08-mc03,baseline,sin_pi,MC,8,10008,20008,1000803,curve,sin_pi,0.0,1,40,121,0.01,0.025066282746310002,2000,2000,2000,0,176.0,0.088,0.004267477238289169,0.004267477238289169,0.004267477238289169,0.004007223729383663,0.495,0.11096674995496869,ok
baseline-sin_pi-r08-mc04,baseline,sin_pi,MC,8,10008,20008,1000804,curve,sin_pi,0.0,1,40,121,0.01,0.025066282746310002,2000,2000,2000,0,188.0,0.094,0.004787662831439044,0.004787662831439044,0.004787662831439044,0.004501301230997367,0.515,0.10715908301062882,ok
baseline-sin_pi-r08-mc05,baseline,sin_pi,MC,8,10008,20008,1000805,curve,sin_pi,0.0,1,40,121,0.01,0.025066282746310002,2000,2000,2000,0,186.0,0.093,0.006598707739379066,0.006598707739379066,0.006598707739379066,0.006282216395808755,0.675,0.11011741706170142,ok
baseline-sin_pi-r08-mc06,baseline,sin_pi,MC,8,10008,20008,1000806,curve,sin_pi,0.0,1,40,121,0.01,0.025066282746310002,2000,2000,2000,0,191.0,0.0955,0.004359932054809272,0.004359932054809272,0.004359932054809272,0.004216354507871331,0.6,0.11686674994416535,ok
baseline-sin_pi-r08-mc07,baseline,sin_pi,MC,8,10008,20008,1000807,curve,sin_pi,0.0,1,40,121,0.01,0.025066282746310002,2000,2000,2000,0,183.0,0.0915,0.004126272410105796,0.004126272410105796,0.004126272410105796,0.003979804549600435,0.565,0.12351208319887519,ok
baseline-sin_pi-r08-mc08,baseline,sin_pi,MC,8,10008,20008,1000808,curve,sin_pi,0.0,1,40,121,0.01,0.025066282746310002,2000,2000,2000,0,166.0,0.083,0.007813500421335474,0.007813500421335474,0.007813500421335474,0.007569744476314407,0.715,0.12331725005060434,ok
baseline-sin_pi-r08-mc09,baseline,sin_pi,MC,8,10008,20008,1000809,curve,sin_pi,0.0,1,40,121,0.01,0.025066282746310002,2000,2000,2000,0,178.0,0.089,0.006004143631579143,0.006004143631579143,0.006004143631579143,0.005827184130503039,0.68,0.11491850018501282,ok
baseline-sin_pi-r09-gd,baseline,sin_pi,GD,9,10009,20009,20009,curve,sin_pi,0.0,1,40,121,0.01,0.025066282746310002,2000,2000,2000,2000,,,0.0032750829878609735,0.0032750829878609735,0.0032750829878609735,0.003141654442043506,0.465,0.17905658297240734,ok
baseline-sin_pi-r09-mc00,baseline,sin_pi,MC,9,10009,20009,1000900,curve,sin_pi,0.0,1,40,121,0.01,0.025066282746310002,2000,2000,2000,0,169.0,0.0845,0.007440371637359023,0.007440371637359023,0.007440371637359023,0.007076297762472571,0.685,0.11640916601754725,ok
baseline-sin_pi-r09-mc01,baseline,sin_pi,MC,9,10009,20009,1000901,curve,sin_pi,0.0,1,40,121,0.01,0.025066282746310002,2000,2000,2000,0,180.0,0.09,0.008136645951369854,0.008136645951369854,0.008136645951369854,0.007725266589625831,0.67,0.12323670904152095,ok
baseline-sin_pi-r09-mc02,baseline,sin_pi,MC,9,10009,20009,1000902,curve,sin_pi,0.0,1,40,121,0.01,0.025066282746310002,2000,2000,2000,0,183.0,0.0915,0.006581985245153823,0.006581985245153823,0.006581985245153823,0.006212931630199487,0.645,0.12494600005447865,ok
baseline-sin_pi-r09-mc03,baseline,sin_pi,MC,9,10009,20009,1000903,curve,sin_pi,0.0,1,40,121,0.01,0.025066282746310002,2000,2000,2000,0,169.0,0.0845,0.004933588391168505,0.004933588391168505,0.004933588391168505,0.004622612981731709,0.555,0.13051404198631644,ok
baseline-sin_pi-r09-mc04,baseline,sin_pi,MC,9,10009,20009,1000904,curve,sin_pi,0.0,1,40,121,0.01,0.025066282746310002,2000,2000,2000,0,186.0,0.093,0.007178567833170812,0.007178567833170812,0.007178567833170812,0.00686165034167969,0.67,0.12260345905087888,ok
baseline-sin_pi-r09-mc05,baseline,sin_pi,MC,9,10009,20009,1000905,curve,sin_pi,0.0,1,40,121,0.01,0.025066282746310002,2000,2000,2000,0,154.0,0.077,0.008239901476967073,0.008239901476967073,0.008239901476967073,0.007851134389907423,0.69,0.12367770890705287,ok
baseline-sin_pi-r09-mc06,baseline,sin_pi,MC,9,10009,20009,1000906,curve,sin_pi,0.0,1,40,121,0.01,0.025066282746310002,2000,2000,2000,0,194.0,0.097,0.0028340178382982736,0.0028340178382982736,0.0028340178382982736,0.002671761632630649,0.385,0.11579141695983708,ok
baseline-sin_pi-r09-mc07,baseline,sin_pi,MC,9,10009,20009,1000907,curve,sin_pi,0.0,1,40,121,0.01,0.025066282746310002,2000,2000,2000,0,182.0,0.091,0.0061908490027186396,0.0061908490027186396,0.0061908490027186396,0.005831031012633232,0.615,0.11148262512870133,ok
baseline-sin_pi-r09-mc08,baseline,sin_pi,MC,9,10009,20009,1000908,curve,sin_pi,0.0,1,40,121,0.01,0.025066282746310002,2000,2000,2000,0,185.0,0.0925,0.007430495282354899,0.007430495282354899,0.007430495282354899,0.007043277309121842,0.68,0.11544862505979836,ok
baseline-sin_pi-r09-mc09,baseline,sin_pi,MC,9,10009,20009,1000909,curve,sin_pi,0.0,1,40,121,0.01,0.025066282746310002,2000,2000,2000,0,195.0,0.0975,0.006389044235093471,0.006389044235093471,0.006389044235093471,0.006123265409018994,0.675,0.16350041702389717,ok
baseline-sin_pi-r10-gd,baseline,sin_pi,GD,10,10010,20010,20010,curve,sin_pi,0.0,1,40,121,0.01,0.025066282746310002,2000,2000,2000,2000,,,0.002297298567979264,0.002297298567979264,0.002297298567979264,0.002214195770214977,0.35,0.2987457080744207,ok
baseline-sin_pi-r10-mc00,baseline,sin_pi,MC,10,10010,20010,1001000,curve,sin_pi,0.0,1,40,121,0.01,0.025066282746310002,2000,2000,2000,0,156.0,0.078,0.0057023152140842056,0.0057023152140842056,0.0057023152140842056,0.00541491929568352,0.625,0.1238549998961389,ok
baseline-sin_pi-r10-mc01,baseline,sin_pi,MC,10,10010,20010,1001001,curve,sin_pi,0.0,1,40,121,0.01,0.025066282746310002,2000,2000,2000,0,189.0,0.0945,0.00588361243607006,0.00588361243607006,0.00588361243607006,0.005720123417696722,0.59,0.14436162495985627,ok
baseline-sin_pi-r10-mc02,baseline,sin_pi,MC,10,10010,20010,1001002,curve,sin_pi,0.0,1,40,121,0.01,0.025066282746310002,2000,2000,2000,0,175.0,0.0875,0.005817178812676165,0.005817178812676165,0.005817178812676165,0.005514947826502855,0.535,0.15064812498167157,ok
baseline-sin_pi-r10-mc03,baseline,sin_pi,MC,10,10010,20010,1001003,curve,sin_pi,0.0,1,40,121,0.01,0.025066282746310002,2000,2000,2000,0,171.0,0.0855,0.006121436133599036,0.006121436133599036,0.006121436133599036,0.005803716797205929,0.615,0.12180575006641448,ok
baseline-sin_pi-r10-mc04,baseline,sin_pi,MC,10,10010,20010,1001004,curve,sin_pi,0.0,1,40,121,0.01,0.025066282746310002,2000,2000,2000,0,170.0,0.085,0.004486986866699474,0.004486986866699474,0.004486986866699474,0.004325750174766542,0.615,0.11101408279500902,ok
baseline-sin_pi-r10-mc05,baseline,sin_pi,MC,10,10010,20010,1001005,curve,sin_pi,0.0,1,40,121,0.01,0.025066282746310002,2000,2000,2000,0,167.0,0.0835,0.0025536481938363397,0.0025536481938363397,0.0025536481938363397,0.0024206115465316047,0.355,0.11080370796844363,ok
baseline-sin_pi-r10-mc06,baseline,sin_pi,MC,10,10010,20010,1001006,curve,sin_pi,0.0,1,40,121,0.01,0.025066282746310002,2000,2000,2000,0,160.0,0.08,0.005381261815123872,0.005381261815123872,0.005381261815123872,0.005172278086572926,0.64,0.1540504170116037,ok
baseline-sin_pi-r10-mc07,baseline,sin_pi,MC,10,10010,20010,1001007,curve,sin_pi,0.0,1,40,121,0.01,0.025066282746310002,2000,2000,2000,0,174.0,0.087,0.0038251114075003516,0.0038251114075003516,0.0038251114075003516,0.0036331273593524366,0.485,0.13088033301755786,ok
baseline-sin_pi-r10-mc08,baseline,sin_pi,MC,10,10010,20010,1001008,curve,sin_pi,0.0,1,40,121,0.01,0.025066282746310002,2000,2000,2000,0,177.0,0.0885,0.008996885623956525,0.008996885623956525,0.008996885623956525,0.008570140616543563,0.705,0.1381942080333829,ok
baseline-sin_pi-r10-mc09,baseline,sin_pi,MC,10,10010,20010,1001009,curve,sin_pi,0.0,1,40,121,0.01,0.025066282746310002,2000,2000,2000,0,154.0,0.077,0.004773080131193661,0.004773080131193661,0.004773080131193661,0.004595459530298555,0.625,0.12174812494777143,ok
baseline-sin_pi-r11-gd,baseline,sin_pi,GD,11,10011,20011,20011,curve,sin_pi,0.0,1,40,121,0.01,0.025066282746310002,2000,2000,2000,2000,,,0.0031579245805846297,0.0031579245805846297,0.0031579245805846297,0.003029940204189553,0.455,0.19982679188251495,ok
baseline-sin_pi-r11-mc00,baseline,sin_pi,MC,11,10011,20011,1001100,curve,sin_pi,0.0,1,40,121,0.01,0.025066282746310002,2000,2000,2000,0,156.0,0.078,0.009047680733809318,0.009047680733809318,0.009047680733809318,0.008704409818808918,0.73,0.1278894159477204,ok
baseline-sin_pi-r11-mc01,baseline,sin_pi,MC,11,10011,20011,1001101,curve,sin_pi,0.0,1,40,121,0.01,0.025066282746310002,2000,2000,2000,0,147.0,0.0735,0.008812202402103776,0.008812202402103776,0.008812202402103776,0.008342809646559915,0.715,0.12263829098083079,ok
baseline-sin_pi-r11-mc02,baseline,sin_pi,MC,11,10011,20011,1001102,curve,sin_pi,0.0,1,40,121,0.01,0.025066282746310002,2000,2000,2000,0,150.0,0.075,0.008025997231451693,0.008025997231451693,0.008025997231451693,0.007641746407822082,0.7,0.11911670817062259,ok
baseline-sin_pi-r11-mc03,baseline,sin_pi,MC,11,10011,20011,1001103,curve,sin_pi,0.0,1,40,121,0.01,0.025066282746310002,2000,2000,2000,0,152.0,0.076,0.008024831515307836,0.008024831515307836,0.008024831515307836,0.007724215329260605,0.72,0.12111312500201166,ok
baseline-sin_pi-r11-mc04,baseline,sin_pi,MC,11,10011,20011,1001104,curve,sin_pi,0.0,1,40,121,0.01,0.025066282746310002,2000,2000,2000,0,159.0,0.0795,0.007042222440700094,0.007042222440700094,0.007042222440700094,0.006793706227966164,0.705,0.12371012498624623,ok
baseline-sin_pi-r11-mc05,baseline,sin_pi,MC,11,10011,20011,1001105,curve,sin_pi,0.0,1,40,121,0.01,0.025066282746310002,2000,2000,2000,0,162.0,0.081,0.005821376976822781,0.005821376976822781,0.005821376976822781,0.005560483687599277,0.6,0.12009570794180036,ok
baseline-sin_pi-r11-mc06,baseline,sin_pi,MC,11,10011,20011,1001106,curve,sin_pi,0.0,1,40,121,0.01,0.025066282746310002,2000,2000,2000,0,176.0,0.088,0.004260350897923062,0.004260350897923062,0.004260350897923062,0.004091343468640995,0.59,0.11755041708238423,ok
baseline-sin_pi-r11-mc07,baseline,sin_pi,MC,11,10011,20011,1001107,curve,sin_pi,0.0,1,40,121,0.01,0.025066282746310002,2000,2000,2000,0,159.0,0.0795,0.006536009910675809,0.006536009910675809,0.006536009910675809,0.006231804135211803,0.68,0.11729991598986089,ok
baseline-sin_pi-r11-mc08,baseline,sin_pi,MC,11,10011,20011,1001108,curve,sin_pi,0.0,1,40,121,0.01,0.025066282746310002,2000,2000,2000,0,152.0,0.076,0.007038359373711754,0.007038359373711754,0.007038359373711754,0.006710565864062553,0.68,0.12006779201328754,ok
baseline-sin_pi-r11-mc09,baseline,sin_pi,MC,11,10011,20011,1001109,curve,sin_pi,0.0,1,40,121,0.01,0.025066282746310002,2000,2000,2000,0,159.0,0.0795,0.006068754705206931,0.006068754705206931,0.006068754705206931,0.005833943500194785,0.67,0.12288654106669128,ok
baseline-sin_pi-r12-gd,baseline,sin_pi,GD,12,10012,20012,20012,curve,sin_pi,0.0,1,40,121,0.01,0.025066282746310002,2000,2000,2000,2000,,,0.0021408552794502135,0.0021408552794502135,0.0021408552794502135,0.002064744102964552,0.325,0.17131408280692995,ok
baseline-sin_pi-r12-mc00,baseline,sin_pi,MC,12,10012,20012,1001200,curve,sin_pi,0.0,1,40,121,0.01,0.025066282746310002,2000,2000,2000,0,147.0,0.0735,0.005957476650458569,0.005957476650458569,0.005957476650458569,0.005665189111879517,0.64,0.13025920907966793,ok
baseline-sin_pi-r12-mc01,baseline,sin_pi,MC,12,10012,20012,1001201,curve,sin_pi,0.0,1,40,121,0.01,0.025066282746310002,2000,2000,2000,0,146.0,0.073,0.007035208162631224,0.007035208162631224,0.007035208162631224,0.006723346802394499,0.695,0.11823591613210738,ok
baseline-sin_pi-r12-mc02,baseline,sin_pi,MC,12,10012,20012,1001202,curve,sin_pi,0.0,1,40,121,0.01,0.025066282746310002,2000,2000,2000,0,177.0,0.0885,0.00276512743395621,0.00276512743395621,0.00276512743395621,0.0026722089557440535,0.43,0.12274437490850687,ok
baseline-sin_pi-r12-mc03,baseline,sin_pi,MC,12,10012,20012,1001203,curve,sin_pi,0.0,1,40,121,0.01,0.025066282746310002,2000,2000,2000,0,165.0,0.0825,0.004124147503647749,0.004124147503647749,0.004124147503647749,0.003987613209453086,0.6,0.11910699983127415,ok
baseline-sin_pi-r12-mc04,baseline,sin_pi,MC,12,10012,20012,1001204,curve,sin_pi,0.0,1,40,121,0.01,0.025066282746310002,2000,2000,2000,0,179.0,0.0895,0.0033948843472666745,0.0033948843472666745,0.0033948843472666745,0.0032489703278802944,0.46,0.11085008387453854,ok
baseline-sin_pi-r12-mc05,baseline,sin_pi,MC,12,10012,20012,1001205,curve,sin_pi,0.0,1,40,121,0.01,0.025066282746310002,2000,2000,2000,0,162.0,0.081,0.006805643467814495,0.006805643467814495,0.006805643467814495,0.006514327476154259,0.665,0.12505537504330277,ok
baseline-sin_pi-r12-mc06,baseline,sin_pi,MC,12,10012,20012,1001206,curve,sin_pi,0.0,1,40,121,0.01,0.025066282746310002,2000,2000,2000,0,180.0,0.09,0.00296558795568865,0.00296558795568865,0.00296558795568865,0.0028560052722078296,0.51,0.10772366705350578,ok
baseline-sin_pi-r12-mc07,baseline,sin_pi,MC,12,10012,20012,1001207,curve,sin_pi,0.0,1,40,121,0.01,0.025066282746310002,2000,2000,2000,0,169.0,0.0845,0.002501303118006856,0.002501303118006856,0.002501303118006856,0.0023697067184500053,0.295,0.1158183750230819,ok
baseline-sin_pi-r12-mc08,baseline,sin_pi,MC,12,10012,20012,1001208,curve,sin_pi,0.0,1,40,121,0.01,0.025066282746310002,2000,2000,2000,0,169.0,0.0845,0.002874934075735343,0.002874934075735343,0.002874934075735343,0.0027618867878064046,0.365,0.12083858298137784,ok
baseline-sin_pi-r12-mc09,baseline,sin_pi,MC,12,10012,20012,1001209,curve,sin_pi,0.0,1,40,121,0.01,0.025066282746310002,2000,2000,2000,0,175.0,0.0875,0.005337474922444777,0.005337474922444777,0.005337474922444777,0.005161946789562917,0.63,0.10836445889435709,ok
baseline-sin_pi-r13-gd,baseline,sin_pi,GD,13,10013,20013,20013,curve,sin_pi,0.0,1,40,121,0.01,0.025066282746310002,2000,2000,2000,2000,,,0.0018658620708650508,0.0018658620708650508,0.0018658620708650508,0.0018035945643856013,0.295,0.18009254103526473,ok
baseline-sin_pi-r13-mc00,baseline,sin_pi,MC,13,10013,20013,1001300,curve,sin_pi,0.0,1,40,121,0.01,0.025066282746310002,2000,2000,2000,0,166.0,0.083,0.0038414094576300433,0.0038414094576300433,0.0038414094576300433,0.0036585042982405884,0.55,0.11006845813244581,ok
baseline-sin_pi-r13-mc01,baseline,sin_pi,MC,13,10013,20013,1001301,curve,sin_pi,0.0,1,40,121,0.01,0.025066282746310002,2000,2000,2000,0,161.0,0.0805,0.005346694850545163,0.005346694850545163,0.005346694850545163,0.0051792558987557,0.65,0.1301204168703407,ok
baseline-sin_pi-r13-mc02,baseline,sin_pi,MC,13,10013,20013,1001302,curve,sin_pi,0.0,1,40,121,0.01,0.025066282746310002,2000,2000,2000,0,177.0,0.0885,0.0027313941975106682,0.0027313941975106682,0.0027313941975106682,0.0025870946533935804,0.405,0.13605770817957819,ok
baseline-sin_pi-r13-mc03,baseline,sin_pi,MC,13,10013,20013,1001303,curve,sin_pi,0.0,1,40,121,0.01,0.025066282746310002,2000,2000,2000,0,153.0,0.0765,0.004605528913937884,0.004605528913937884,0.004605528913937884,0.004310787027036868,0.555,0.12994012515991926,ok
baseline-sin_pi-r13-mc04,baseline,sin_pi,MC,13,10013,20013,1001304,curve,sin_pi,0.0,1,40,121,0.01,0.025066282746310002,2000,2000,2000,0,160.0,0.08,0.005637239471593174,0.005637239471593174,0.005637239471593174,0.0053144656842442775,0.625,0.12007966707460582,ok
baseline-sin_pi-r13-mc05,baseline,sin_pi,MC,13,10013,20013,1001305,curve,sin_pi,0.0,1,40,121,0.01,0.025066282746310002,2000,2000,2000,0,154.0,0.077,0.0034903467039943147,0.0034903467039943147,0.0034903467039943147,0.003302364437711816,0.525,0.12388254120014608,ok
baseline-sin_pi-r13-mc06,baseline,sin_pi,MC,13,10013,20013,1001306,curve,sin_pi,0.0,1,40,121,0.01,0.025066282746310002,2000,2000,2000,0,169.0,0.0845,0.008197696868460608,0.008197696868460608,0.008197696868460608,0.007846649412957669,0.695,0.12864787480793893,ok
baseline-sin_pi-r13-mc07,baseline,sin_pi,MC,13,10013,20013,1001307,curve,sin_pi,0.0,1,40,121,0.01,0.025066282746310002,2000,2000,2000,0,142.0,0.071,0.006604363986341062,0.006604363986341062,0.006604363986341062,0.006355287568514038,0.69,0.12799654202535748,ok
baseline-sin_pi-r13-mc08,baseline,sin_pi,MC,13,10013,20013,1001308,curve,sin_pi,0.0,1,40,121,0.01,0.025066282746310002,2000,2000,2000,0,178.0,0.089,0.0032469044036748853,0.0032469044036748853,0.0032469044036748853,0.0030821720939361546,0.44,0.11543300002813339,ok
baseline-sin_pi-r13-mc09,baseline,sin_pi,MC,13,10013,20013,1001309,curve,sin_pi,0.0,1,40,121,0.01,0.025066282746310002,2000,2000,2000,0,153.0,0.0765,0.005120188436850104,0.005120188436850104,0.005120188436850104,0.0048723956512271085,0.565,0.12121987505815923,ok
baseline-sin_pi-r14-gd,baseline,sin_pi,GD,14,10014,20014,20014,curve,sin_pi,0.0,1,40,121,0.01,0.025066282746310002,2000,2000,2000,2000,,,0.003277684358436408,0.003277684358436408,0.003277684358436408,0.0031428492440622392,0.465,0.16972299991175532,ok
baseline-sin_pi-r14-mc00,baseline,sin_pi,MC,14,10014,20014,1001400,curve,sin_pi,0.0,1,40,121,0.01,0.025066282746310002,2000,2000,2000,0,169.0,0.0845,0.0047656977600913225,0.0047656977600913225,0.0047656977600913225,0.004582549355728588,0.625,0.13310716697014868,ok
baseline-sin_pi-r14-mc01,baseline,sin_pi,MC,14,10014,20014,1001401,curve,sin_pi,0.0,1,40,121,0.01,0.025066282746310002,2000,2000,2000,0,193.0,0.0965,0.007453828716116226,0.007453828716116226,0.007453828716116226,0.007094092717677408,0.68,0.13545674993656576,ok
baseline-sin_pi-r14-mc02,baseline,sin_pi,MC,14,10014,20014,1001402,curve,sin_pi,0.0,1,40,121,0.01,0.025066282746310002,2000,2000,2000,0,178.0,0.089,0.0037846592929986402,0.0037846592929986402,0.0037846592929986402,0.00362021087011684,0.565,0.13171233283355832,ok
baseline-sin_pi-r14-mc03,baseline,sin_pi,MC,14,10014,20014,1001403,curve,sin_pi,0.0,1,40,121,0.01,0.025066282746310002,2000,2000,2000,0,199.0,0.0995,0.006527689146006671,0.006527689146006671,0.006527689146006671,0.006203316892265857,0.675,0.12723687500692904,ok
baseline-sin_pi-r14-mc04,baseline,sin_pi,MC,14,10014,20014,1001404,curve,sin_pi,0.0,1,40,121,0.01,0.025066282746310002,2000,2000,2000,0,184.0,0.092,0.007091625114186044,0.007091625114186044,0.007091625114186044,0.006864954117062116,0.7,0.1261359159834683,ok
baseline-sin_pi-r14-mc05,baseline,sin_pi,MC,14,10014,20014,1001405,curve,sin_pi,0.0,1,40,121,0.01,0.025066282746310002,2000,2000,2000,0,175.0,0.0875,0.005345770858336263,0.005345770858336263,0.005345770858336263,0.005064967631788653,0.62,0.12478195899166167,ok
baseline-sin_pi-r14-mc06,baseline,sin_pi,MC,14,10014,20014,1001406,curve,sin_pi,0.0,1,40,121,0.01,0.025066282746310002,2000,2000,2000,0,175.0,0.0875,0.0023526772756440415,0.0023526772756440415,0.0023526772756440415,0.0022669333112252934,0.425,0.13432004116475582,ok
baseline-sin_pi-r14-mc07,baseline,sin_pi,MC,14,10014,20014,1001407,curve,sin_pi,0.0,1,40,121,0.01,0.025066282746310002,2000,2000,2000,0,172.0,0.086,0.004222899626374779,0.004222899626374779,0.004222899626374779,0.0039603346423091905,0.505,0.1268521249294281,ok
baseline-sin_pi-r14-mc08,baseline,sin_pi,MC,14,10014,20014,1001408,curve,sin_pi,0.0,1,40,121,0.01,0.025066282746310002,2000,2000,2000,0,179.0,0.0895,0.00705036630214463,0.00705036630214463,0.00705036630214463,0.006800141566790796,0.7,0.19654333405196667,ok
baseline-sin_pi-r14-mc09,baseline,sin_pi,MC,14,10014,20014,1001409,curve,sin_pi,0.0,1,40,121,0.01,0.025066282746310002,2000,2000,2000,0,163.0,0.0815,0.004808429742248451,0.004808429742248451,0.004808429742248451,0.0045983131993956395,0.605,0.1599757089279592,ok
baseline-sin_pi-r15-gd,baseline,sin_pi,GD,15,10015,20015,20015,curve,sin_pi,0.0,1,40,121,0.01,0.025066282746310002,2000,2000,2000,2000,,,0.0016504908152222184,0.0016504908152222184,0.0016504908152222184,0.0015991770682569047,0.27,0.24745212495326996,ok
baseline-sin_pi-r15-mc00,baseline,sin_pi,MC,15,10015,20015,1001500,curve,sin_pi,0.0,1,40,121,0.01,0.025066282746310002,2000,2000,2000,0,166.0,0.083,0.007607715069888672,0.007607715069888672,0.007607715069888672,0.0071506098112798355,0.68,0.14413883304223418,ok
baseline-sin_pi-r15-mc01,baseline,sin_pi,MC,15,10015,20015,1001501,curve,sin_pi,0.0,1,40,121,0.01,0.025066282746310002,2000,2000,2000,0,182.0,0.091,0.005968854812044496,0.005968854812044496,0.005968854812044496,0.005609226588020153,0.59,0.12338062492199242,ok
baseline-sin_pi-r15-mc02,baseline,sin_pi,MC,15,10015,20015,1001502,curve,sin_pi,0.0,1,40,121,0.01,0.025066282746310002,2000,2000,2000,0,158.0,0.079,0.0069742553688383465,0.0069742553688383465,0.0069742553688383465,0.006618672582254407,0.665,0.1341746668331325,ok
baseline-sin_pi-r15-mc03,baseline,sin_pi,MC,15,10015,20015,1001503,curve,sin_pi,0.0,1,40,121,0.01,0.025066282746310002,2000,2000,2000,0,162.0,0.081,0.003650228467668245,0.003650228467668245,0.003650228467668245,0.0035095521054141487,0.545,0.12843391601927578,ok
baseline-sin_pi-r15-mc04,baseline,sin_pi,MC,15,10015,20015,1001504,curve,sin_pi,0.0,1,40,121,0.01,0.025066282746310002,2000,2000,2000,0,167.0,0.0835,0.006738881248819197,0.006738881248819197,0.006738881248819197,0.006485194343740927,0.645,0.12658595899119973,ok
baseline-sin_pi-r15-mc05,baseline,sin_pi,MC,15,10015,20015,1001505,curve,sin_pi,0.0,1,40,121,0.01,0.025066282746310002,2000,2000,2000,0,171.0,0.0855,0.0039982351995614665,0.0039982351995614665,0.0039982351995614665,0.00382920840676191,0.525,0.12451937492005527,ok
baseline-sin_pi-r15-mc06,baseline,sin_pi,MC,15,10015,20015,1001506,curve,sin_pi,0.0,1,40,121,0.01,0.025066282746310002,2000,2000,2000,0,178.0,0.089,0.0034261065762745597,0.0034261065762745597,0.0034261065762745597,0.00320854921783814,0.425,0.12187279108911753,ok
baseline-sin_pi-r15-mc07,baseline,sin_pi,MC,15,10015,20015,1001507,curve,sin_pi,0.0,1,40,121,0.01,0.025066282746310002,2000,2000,2000,0,171.0,0.0855,0.004417752965799809,0.004417752965799809,0.004417752965799809,0.0042138517001737655,0.585,0.11625516694039106,ok
baseline-sin_pi-r15-mc08,baseline,sin_pi,MC,15,10015,20015,1001508,curve,sin_pi,0.0,1,40,121,0.01,0.025066282746310002,2000,2000,2000,0,164.0,0.082,0.008664782137402936,0.008664782137402936,0.008664782137402936,0.00827249830807333,0.71,0.12216820800676942,ok
baseline-sin_pi-r15-mc09,baseline,sin_pi,MC,15,10015,20015,1001509,curve,sin_pi,0.0,1,40,121,0.01,0.025066282746310002,2000,2000,2000,0,193.0,0.0965,0.007871640787709624,0.007871640787709624,0.007871640787709624,0.007335893742262283,0.49,0.1305243750102818,ok
baseline-sin_pi-r16-gd,baseline,sin_pi,GD,16,10016,20016,20016,curve,sin_pi,0.0,1,40,121,0.01,0.025066282746310002,2000,2000,2000,2000,,,0.003183397427703762,0.003183397427703762,0.003183397427703762,0.0030551088075653726,0.46,0.18853283300995827,ok
baseline-sin_pi-r16-mc00,baseline,sin_pi,MC,16,10016,20016,1001600,curve,sin_pi,0.0,1,40,121,0.01,0.025066282746310002,2000,2000,2000,0,178.0,0.089,0.008961080958901689,0.008961080958901689,0.008961080958901689,0.008649799604517661,0.74,0.12708941707387567,ok
baseline-sin_pi-r16-mc01,baseline,sin_pi,MC,16,10016,20016,1001601,curve,sin_pi,0.0,1,40,121,0.01,0.025066282746310002,2000,2000,2000,0,189.0,0.0945,0.002708681168256305,0.002708681168256305,0.002708681168256305,0.002594659783166247,0.42,0.13104062504135072,ok
baseline-sin_pi-r16-mc02,baseline,sin_pi,MC,16,10016,20016,1001602,curve,sin_pi,0.0,1,40,121,0.01,0.025066282746310002,2000,2000,2000,0,195.0,0.0975,0.008162921312247743,0.008162921312247743,0.008162921312247743,0.007722241943171351,0.71,0.12746787490323186,ok
baseline-sin_pi-r16-mc03,baseline,sin_pi,MC,16,10016,20016,1001603,curve,sin_pi,0.0,1,40,121,0.01,0.025066282746310002,2000,2000,2000,0,177.0,0.0885,0.008106827408443968,0.008106827408443968,0.008106827408443968,0.007741047472991438,0.705,0.13481062510982156,ok
baseline-sin_pi-r16-mc04,baseline,sin_pi,MC,16,10016,20016,1001604,curve,sin_pi,0.0,1,40,121,0.01,0.025066282746310002,2000,2000,2000,0,201.0,0.1005,0.005996065978286434,0.005996065978286434,0.005996065978286434,0.005737132279635516,0.665,0.16792479204013944,ok
baseline-sin_pi-r16-mc05,baseline,sin_pi,MC,16,10016,20016,1001605,curve,sin_pi,0.0,1,40,121,0.01,0.025066282746310002,2000,2000,2000,0,183.0,0.0915,0.0038459700234266866,0.0038459700234266866,0.0038459700234266866,0.003597488303779987,0.42,0.13802558300085366,ok
baseline-sin_pi-r16-mc06,baseline,sin_pi,MC,16,10016,20016,1001606,curve,sin_pi,0.0,1,40,121,0.01,0.025066282746310002,2000,2000,2000,0,186.0,0.093,0.0026829722909091475,0.0026829722909091475,0.0026829722909091475,0.0025460393254985777,0.4,0.12807454098947346,ok
baseline-sin_pi-r16-mc07,baseline,sin_pi,MC,16,10016,20016,1001607,curve,sin_pi,0.0,1,40,121,0.01,0.025066282746310002,2000,2000,2000,0,182.0,0.091,0.0061680457479348525,0.0061680457479348525,0.0061680457479348525,0.00587898966412833,0.665,0.12562208413146436,ok
baseline-sin_pi-r16-mc08,baseline,sin_pi,MC,16,10016,20016,1001608,curve,sin_pi,0.0,1,40,121,0.01,0.025066282746310002,2000,2000,2000,0,205.0,0.1025,0.003666496177748383,0.003666496177748383,0.003666496177748383,0.0034626629441949657,0.405,0.12196362507529557,ok
baseline-sin_pi-r16-mc09,baseline,sin_pi,MC,16,10016,20016,1001609,curve,sin_pi,0.0,1,40,121,0.01,0.025066282746310002,2000,2000,2000,0,179.0,0.0895,0.0028608410373302208,0.0028608410373302208,0.0028608410373302208,0.002741476347248179,0.475,0.12187391705811024,ok
baseline-sin_pi-r17-gd,baseline,sin_pi,GD,17,10017,20017,20017,curve,sin_pi,0.0,1,40,121,0.01,0.025066282746310002,2000,2000,2000,2000,,,0.0022950420746684448,0.0022950420746684448,0.0022950420746684448,0.002211428998466623,0.36,0.18138737510889769,ok
baseline-sin_pi-r17-mc00,baseline,sin_pi,MC,17,10017,20017,1001700,curve,sin_pi,0.0,1,40,121,0.01,0.025066282746310002,2000,2000,2000,0,197.0,0.0985,0.00744623373091461,0.00744623373091461,0.00744623373091461,0.007032273784890527,0.67,0.13036012509837747,ok
baseline-sin_pi-r17-mc01,baseline,sin_pi,MC,17,10017,20017,1001701,curve,sin_pi,0.0,1,40,121,0.01,0.025066282746310002,2000,2000,2000,0,195.0,0.0975,0.008365252698441355,0.008365252698441355,0.008365252698441355,0.007918999941604485,0.705,0.12802058411762118,ok
baseline-sin_pi-r17-mc02,baseline,sin_pi,MC,17,10017,20017,1001702,curve,sin_pi,0.0,1,40,121,0.01,0.025066282746310002,2000,2000,2000,0,193.0,0.0965,0.004434353611596216,0.004434353611596216,0.004434353611596216,0.004271831325198177,0.595,0.1325946249999106,ok
baseline-sin_pi-r17-mc03,baseline,sin_pi,MC,17,10017,20017,1001703,curve,sin_pi,0.0,1,40,121,0.01,0.025066282746310002,2000,2000,2000,0,176.0,0.088,0.008709806650644856,0.008709806650644856,0.008709806650644856,0.00826936719375405,0.715,0.11810875008814037,ok
baseline-sin_pi-r17-mc04,baseline,sin_pi,MC,17,10017,20017,1001704,curve,sin_pi,0.0,1,40,121,0.01,0.025066282746310002,2000,2000,2000,0,181.0,0.0905,0.007687145129685996,0.007687145129685996,0.007687145129685996,0.00729523280126795,0.635,0.13131345808506012,ok
baseline-sin_pi-r17-mc05,baseline,sin_pi,MC,17,10017,20017,1001705,curve,sin_pi,0.0,1,40,121,0.01,0.025066282746310002,2000,2000,2000,0,194.0,0.097,0.007085029919742595,0.007085029919742595,0.007085029919742595,0.0067728774354353476,0.69,0.12397712492384017,ok
baseline-sin_pi-r17-mc06,baseline,sin_pi,MC,17,10017,20017,1001706,curve,sin_pi,0.0,1,40,121,0.01,0.025066282746310002,2000,2000,2000,0,203.0,0.1015,0.0030163288348240558,0.0030163288348240558,0.0030163288348240558,0.0028995507147290046,0.455,0.13063300005160272,ok
baseline-sin_pi-r17-mc07,baseline,sin_pi,MC,17,10017,20017,1001707,curve,sin_pi,0.0,1,40,121,0.01,0.025066282746310002,2000,2000,2000,0,187.0,0.0935,0.00750572927891641,0.00750572927891641,0.00750572927891641,0.0071011540920023816,0.645,0.1279156249947846,ok
baseline-sin_pi-r17-mc08,baseline,sin_pi,MC,17,10017,20017,1001708,curve,sin_pi,0.0,1,40,121,0.01,0.025066282746310002,2000,2000,2000,0,197.0,0.0985,0.00528049535929502,0.00528049535929502,0.00528049535929502,0.00500760535623495,0.525,0.12701954180374742,ok
baseline-sin_pi-r17-mc09,baseline,sin_pi,MC,17,10017,20017,1001709,curve,sin_pi,0.0,1,40,121,0.01,0.025066282746310002,2000,2000,2000,0,181.0,0.0905,0.009269309240075995,0.009269309240075995,0.009269309240075995,0.008895347728018404,0.725,0.12274708296172321,ok
baseline-sin_pi-r18-gd,baseline,sin_pi,GD,18,10018,20018,20018,curve,sin_pi,0.0,1,40,121,0.01,0.025066282746310002,2000,2000,2000,2000,,,0.002471632059004236,0.002471632059004236,0.002471632059004236,0.002379673588465611,0.39,0.20436691702343524,ok
baseline-sin_pi-r18-mc00,baseline,sin_pi,MC,18,10018,20018,1001800,curve,sin_pi,0.0,1,40,121,0.01,0.025066282746310002,2000,2000,2000,0,189.0,0.0945,0.005639506846053237,0.005639506846053237,0.005639506846053237,0.005393446123364816,0.56,0.1351052918471396,ok
baseline-sin_pi-r18-mc01,baseline,sin_pi,MC,18,10018,20018,1001801,curve,sin_pi,0.0,1,40,121,0.01,0.025066282746310002,2000,2000,2000,0,182.0,0.091,0.005804222312399615,0.005804222312399615,0.005804222312399615,0.0055837779096969,0.635,0.13239124999381602,ok
baseline-sin_pi-r18-mc02,baseline,sin_pi,MC,18,10018,20018,1001802,curve,sin_pi,0.0,1,40,121,0.01,0.025066282746310002,2000,2000,2000,0,179.0,0.0895,0.006045712130400663,0.006045712130400663,0.006045712130400663,0.005747880865767024,0.655,0.1305655410978943,ok
baseline-sin_pi-r18-mc03,baseline,sin_pi,MC,18,10018,20018,1001803,curve,sin_pi,0.0,1,40,121,0.01,0.025066282746310002,2000,2000,2000,0,187.0,0.0935,0.004898428315181918,0.004898428315181918,0.004898428315181918,0.00476866898655642,0.635,0.13101416593417525,ok
baseline-sin_pi-r18-mc04,baseline,sin_pi,MC,18,10018,20018,1001804,curve,sin_pi,0.0,1,40,121,0.01,0.025066282746310002,2000,2000,2000,0,174.0,0.087,0.006370552533857467,0.006370552533857467,0.006370552533857467,0.0060374383028685774,0.555,0.12678537517786026,ok
baseline-sin_pi-r18-mc05,baseline,sin_pi,MC,18,10018,20018,1001805,curve,sin_pi,0.0,1,40,121,0.01,0.025066282746310002,2000,2000,2000,0,177.0,0.0885,0.006550698876881795,0.006550698876881795,0.006550698876881795,0.006173814757118151,0.61,0.12267229100689292,ok
baseline-sin_pi-r18-mc06,baseline,sin_pi,MC,18,10018,20018,1001806,curve,sin_pi,0.0,1,40,121,0.01,0.025066282746310002,2000,2000,2000,0,182.0,0.091,0.007794904515018262,0.007794904515018262,0.007794904515018262,0.0073601833911423695,0.675,0.1320557501167059,ok
baseline-sin_pi-r18-mc07,baseline,sin_pi,MC,18,10018,20018,1001807,curve,sin_pi,0.0,1,40,121,0.01,0.025066282746310002,2000,2000,2000,0,181.0,0.0905,0.006106305832278819,0.006106305832278819,0.006106305832278819,0.005839260532279583,0.67,0.12250162498094141,ok
baseline-sin_pi-r18-mc08,baseline,sin_pi,MC,18,10018,20018,1001808,curve,sin_pi,0.0,1,40,121,0.01,0.025066282746310002,2000,2000,2000,0,169.0,0.0845,0.005548714863846406,0.005548714863846406,0.005548714863846406,0.0053395915182961615,0.65,0.18610466714017093,ok
baseline-sin_pi-r18-mc09,baseline,sin_pi,MC,18,10018,20018,1001809,curve,sin_pi,0.0,1,40,121,0.01,0.025066282746310002,2000,2000,2000,0,180.0,0.09,0.004973649879320211,0.004973649879320211,0.004973649879320211,0.0047611422997414455,0.61,0.16915825009346008,ok
baseline-sin_pi-r19-gd,baseline,sin_pi,GD,19,10019,20019,20019,curve,sin_pi,0.0,1,40,121,0.01,0.025066282746310002,2000,2000,2000,2000,,,0.0031362923401548133,0.0031362923401548133,0.0031362923401548133,0.0030095241567537822,0.455,0.2387625421397388,ok
baseline-sin_pi-r19-mc00,baseline,sin_pi,MC,19,10019,20019,1001900,curve,sin_pi,0.0,1,40,121,0.01,0.025066282746310002,2000,2000,2000,0,189.0,0.0945,0.004274330242505103,0.004274330242505103,0.004274330242505103,0.004094226609483128,0.57,0.1282621251884848,ok
baseline-sin_pi-r19-mc01,baseline,sin_pi,MC,19,10019,20019,1001901,curve,sin_pi,0.0,1,40,121,0.01,0.025066282746310002,2000,2000,2000,0,185.0,0.0925,0.00470386663387181,0.00470386663387181,0.00470386663387181,0.004463744505495931,0.595,0.13194766594097018,ok
baseline-sin_pi-r19-mc02,baseline,sin_pi,MC,19,10019,20019,1001902,curve,sin_pi,0.0,1,40,121,0.01,0.025066282746310002,2000,2000,2000,0,177.0,0.0885,0.003810950817068514,0.003810950817068514,0.003810950817068514,0.003618383586621959,0.55,0.132242624880746,ok
baseline-sin_pi-r19-mc03,baseline,sin_pi,MC,19,10019,20019,1001903,curve,sin_pi,0.0,1,40,121,0.01,0.025066282746310002,2000,2000,2000,0,184.0,0.092,0.003565972374923636,0.003565972374923636,0.003565972374923636,0.003456699843629071,0.57,0.1345065829809755,ok
baseline-sin_pi-r19-mc04,baseline,sin_pi,MC,19,10019,20019,1001904,curve,sin_pi,0.0,1,40,121,0.01,0.025066282746310002,2000,2000,2000,0,177.0,0.0885,0.004395795603207245,0.004395795603207245,0.004395795603207245,0.004189191213943829,0.59,0.13420812506228685,ok
baseline-sin_pi-r19-mc05,baseline,sin_pi,MC,19,10019,20019,1001905,curve,sin_pi,0.0,1,40,121,0.01,0.025066282746310002,2000,2000,2000,0,162.0,0.081,0.006254542996192745,0.006254542996192745,0.006254542996192745,0.006011677663927164,0.685,0.13164291693829,ok
baseline-sin_pi-r19-mc06,baseline,sin_pi,MC,19,10019,20019,1001906,curve,sin_pi,0.0,1,40,121,0.01,0.025066282746310002,2000,2000,2000,0,187.0,0.0935,0.006763747708446406,0.006763747708446406,0.006763747708446406,0.00636223937310854,0.66,0.12532633310183883,ok
baseline-sin_pi-r19-mc07,baseline,sin_pi,MC,19,10019,20019,1001907,curve,sin_pi,0.0,1,40,121,0.01,0.025066282746310002,2000,2000,2000,0,182.0,0.091,0.007084793961545559,0.007084793961545559,0.007084793961545559,0.006778658065847316,0.68,0.12658741604536772,ok
baseline-sin_pi-r19-mc08,baseline,sin_pi,MC,19,10019,20019,1001908,curve,sin_pi,0.0,1,40,121,0.01,0.025066282746310002,2000,2000,2000,0,189.0,0.0945,0.00803704951130006,0.00803704951130006,0.00803704951130006,0.007614266253813131,0.7,0.12608691700734198,ok
baseline-sin_pi-r19-mc09,baseline,sin_pi,MC,19,10019,20019,1001909,curve,sin_pi,0.0,1,40,121,0.01,0.025066282746310002,2000,2000,2000,0,188.0,0.094,0.005659752349783263,0.005659752349783263,0.005659752349783263,0.005436128995094767,0.66,0.12089404207654297,ok
function-sin_pi-r00-gd,function,sin_pi,GD,0,10000,20000,20000,curve,sin_pi,0.0,1,40,121,0.01,0.025066282746310002,2000,2000,2000,2000,,,0.001985642889293645,0.001985642889293645,0.001985642889293645,0.001918349226667956,0.305,0.2006101249717176,ok
function-sin_pi-r00-mc00,function,sin_pi,MC,0,10000,20000,1000000,curve,sin_pi,0.0,1,40,121,0.01,0.025066282746310002,2000,2000,2000,0,198.0,0.099,0.004824279001847687,0.004824279001847687,0.004824279001847687,0.004559480087349664,0.555,0.12542145908810198,ok
function-sin_pi-r00-mc01,function,sin_pi,MC,0,10000,20000,1000001,curve,sin_pi,0.0,1,40,121,0.01,0.025066282746310002,2000,2000,2000,0,167.0,0.0835,0.009431927808152824,0.009431927808152824,0.009431927808152824,0.009000443939765335,0.74,0.13323758309707046,ok
function-sin_pi-r00-mc02,function,sin_pi,MC,0,10000,20000,1000002,curve,sin_pi,0.0,1,40,121,0.01,0.025066282746310002,2000,2000,2000,0,183.0,0.0915,0.00404016132635581,0.00404016132635581,0.00404016132635581,0.0038647707673374727,0.595,0.12875145790167153,ok
function-sin_pi-r00-mc03,function,sin_pi,MC,0,10000,20000,1000003,curve,sin_pi,0.0,1,40,121,0.01,0.025066282746310002,2000,2000,2000,0,178.0,0.089,0.0025764828643082285,0.0025764828643082285,0.0025764828643082285,0.0025062468091390545,0.465,0.13087345799431205,ok
function-sin_pi-r00-mc04,function,sin_pi,MC,0,10000,20000,1000004,curve,sin_pi,0.0,1,40,121,0.01,0.025066282746310002,2000,2000,2000,0,174.0,0.087,0.005847548963348853,0.005847548963348853,0.005847548963348853,0.005569363478539061,0.65,0.1260905407834798,ok
function-sin_pi-r01-gd,function,sin_pi,GD,1,10001,20001,20001,curve,sin_pi,0.0,1,40,121,0.01,0.025066282746310002,2000,2000,2000,2000,,,0.003205947713362968,0.003205947713362968,0.003205947713362968,0.00307562636984101,0.46,0.19551674998365343,ok
function-sin_pi-r01-mc00,function,sin_pi,MC,1,10001,20001,1000100,curve,sin_pi,0.0,1,40,121,0.01,0.025066282746310002,2000,2000,2000,0,184.0,0.092,0.006684218668639009,0.006684218668639009,0.006684218668639009,0.00633247767935081,0.64,0.13589400006458163,ok
function-sin_pi-r01-mc01,function,sin_pi,MC,1,10001,20001,1000101,curve,sin_pi,0.0,1,40,121,0.01,0.025066282746310002,2000,2000,2000,0,179.0,0.0895,0.005524408104454175,0.005524408104454175,0.005524408104454175,0.005257913351721413,0.64,0.13250970793887973,ok
function-sin_pi-r01-mc02,function,sin_pi,MC,1,10001,20001,1000102,curve,sin_pi,0.0,1,40,121,0.01,0.025066282746310002,2000,2000,2000,0,181.0,0.0905,0.008835144785144265,0.008835144785144265,0.008835144785144265,0.008479198140004349,0.725,0.12806999986059964,ok
function-sin_pi-r01-mc03,function,sin_pi,MC,1,10001,20001,1000103,curve,sin_pi,0.0,1,40,121,0.01,0.025066282746310002,2000,2000,2000,0,186.0,0.093,0.004935514687350543,0.004935514687350543,0.004935514687350543,0.00466797436757985,0.605,0.1233338750898838,ok
function-sin_pi-r01-mc04,function,sin_pi,MC,1,10001,20001,1000104,curve,sin_pi,0.0,1,40,121,0.01,0.025066282746310002,2000,2000,2000,0,169.0,0.0845,0.006227986723161474,0.006227986723161474,0.006227986723161474,0.005921644050969146,0.625,0.13228445895947516,ok
function-sin_pi-r02-gd,function,sin_pi,GD,2,10002,20002,20002,curve,sin_pi,0.0,1,40,121,0.01,0.025066282746310002,2000,2000,2000,2000,,,0.003250562411522329,0.003250562411522329,0.003250562411522329,0.0031197891539250025,0.46,0.19292924995534122,ok
function-sin_pi-r02-mc00,function,sin_pi,MC,2,10002,20002,1000200,curve,sin_pi,0.0,1,40,121,0.01,0.025066282746310002,2000,2000,2000,0,174.0,0.087,0.00854644821933508,0.00854644821933508,0.00854644821933508,0.00816501868729348,0.7,0.13158370787277818,ok
function-sin_pi-r02-mc01,function,sin_pi,MC,2,10002,20002,1000201,curve,sin_pi,0.0,1,40,121,0.01,0.025066282746310002,2000,2000,2000,0,172.0,0.086,0.0075666944984098695,0.0075666944984098695,0.0075666944984098695,0.007224781667973953,0.68,0.1339396669063717,ok
function-sin_pi-r02-mc02,function,sin_pi,MC,2,10002,20002,1000202,curve,sin_pi,0.0,1,40,121,0.01,0.025066282746310002,2000,2000,2000,0,178.0,0.089,0.00653273821212066,0.00653273821212066,0.00653273821212066,0.006259650568628178,0.665,0.13329133298248053,ok
function-sin_pi-r02-mc03,function,sin_pi,MC,2,10002,20002,1000203,curve,sin_pi,0.0,1,40,121,0.01,0.025066282746310002,2000,2000,2000,0,175.0,0.0875,0.0056659334460975866,0.0056659334460975866,0.0056659334460975866,0.005436399486844946,0.65,0.13733962504193187,ok
function-sin_pi-r02-mc04,function,sin_pi,MC,2,10002,20002,1000204,curve,sin_pi,0.0,1,40,121,0.01,0.025066282746310002,2000,2000,2000,0,174.0,0.087,0.008604487142556795,0.008604487142556795,0.008604487142556795,0.008106087123599946,0.705,0.127598499879241,ok
function-sin_pi-r03-gd,function,sin_pi,GD,3,10003,20003,20003,curve,sin_pi,0.0,1,40,121,0.01,0.025066282746310002,2000,2000,2000,2000,,,0.002089820326320823,0.002089820326320823,0.002089820326320823,0.002016492345207932,0.315,0.19213854195550084,ok
function-sin_pi-r03-mc00,function,sin_pi,MC,3,10003,20003,1000300,curve,sin_pi,0.0,1,40,121,0.01,0.025066282746310002,2000,2000,2000,0,170.0,0.085,0.005619203434362969,0.005619203434362969,0.005619203434362969,0.005435697383758891,0.615,0.1302948750089854,ok
function-sin_pi-r03-mc01,function,sin_pi,MC,3,10003,20003,1000301,curve,sin_pi,0.0,1,40,121,0.01,0.025066282746310002,2000,2000,2000,0,188.0,0.094,0.0024347577223183623,0.0024347577223183623,0.0024347577223183623,0.0023366397043479265,0.4,0.12829033401794732,ok
function-sin_pi-r03-mc02,function,sin_pi,MC,3,10003,20003,1000302,curve,sin_pi,0.0,1,40,121,0.01,0.025066282746310002,2000,2000,2000,0,167.0,0.0835,0.007152652925959682,0.007152652925959682,0.007152652925959682,0.006865518018052181,0.69,0.1877363750245422,ok
function-sin_pi-r03-mc03,function,sin_pi,MC,3,10003,20003,1000303,curve,sin_pi,0.0,1,40,121,0.01,0.025066282746310002,2000,2000,2000,0,168.0,0.084,0.005418158115086805,0.005418158115086805,0.005418158115086805,0.005251121977510033,0.645,0.1823643750976771,ok
function-sin_pi-r03-mc04,function,sin_pi,MC,3,10003,20003,1000304,curve,sin_pi,0.0,1,40,121,0.01,0.025066282746310002,2000,2000,2000,0,178.0,0.089,0.004568226303724158,0.004568226303724158,0.004568226303724158,0.004345048142190774,0.59,0.12407791614532471,ok
function-sin_pi-r04-gd,function,sin_pi,GD,4,10004,20004,20004,curve,sin_pi,0.0,1,40,121,0.01,0.025066282746310002,2000,2000,2000,2000,,,0.0032569319978717646,0.0032569319978717646,0.0032569319978717646,0.003125755777245492,0.465,0.21465145819820464,ok
function-sin_pi-r04-mc00,function,sin_pi,MC,4,10004,20004,1000400,curve,sin_pi,0.0,1,40,121,0.01,0.025066282746310002,2000,2000,2000,0,194.0,0.097,0.004187254415400496,0.004187254415400496,0.004187254415400496,0.003845105492664023,0.355,0.12410962488502264,ok
function-sin_pi-r04-mc01,function,sin_pi,MC,4,10004,20004,1000401,curve,sin_pi,0.0,1,40,121,0.01,0.025066282746310002,2000,2000,2000,0,197.0,0.0985,0.004476794477224196,0.004476794477224196,0.004476794477224196,0.0041655276970309855,0.395,0.1292456251103431,ok
function-sin_pi-r04-mc02,function,sin_pi,MC,4,10004,20004,1000402,curve,sin_pi,0.0,1,40,121,0.01,0.025066282746310002,2000,2000,2000,0,172.0,0.086,0.007523846421897367,0.007523846421897367,0.007523846421897367,0.00715165067406025,0.695,0.13115433300845325,ok
function-sin_pi-r04-mc03,function,sin_pi,MC,4,10004,20004,1000403,curve,sin_pi,0.0,1,40,121,0.01,0.025066282746310002,2000,2000,2000,0,191.0,0.0955,0.008548625123688496,0.008548625123688496,0.008548625123688496,0.00814659208317158,0.72,0.13682812498882413,ok
function-sin_pi-r04-mc04,function,sin_pi,MC,4,10004,20004,1000404,curve,sin_pi,0.0,1,40,121,0.01,0.025066282746310002,2000,2000,2000,0,194.0,0.097,0.003612446105737926,0.003612446105737926,0.003612446105737926,0.003364014016791482,0.335,0.1231587091460824,ok
function-sin_pi-r05-gd,function,sin_pi,GD,5,10005,20005,20005,curve,sin_pi,0.0,1,40,121,0.01,0.025066282746310002,2000,2000,2000,2000,,,0.0021474248401241003,0.0021474248401241003,0.0021474248401241003,0.0020720150909376124,0.32,0.19051508302800357,ok
function-sin_pi-r05-mc00,function,sin_pi,MC,5,10005,20005,1000500,curve,sin_pi,0.0,1,40,121,0.01,0.025066282746310002,2000,2000,2000,0,179.0,0.0895,0.008094770699162892,0.008094770699162892,0.008094770699162892,0.00776049689793862,0.72,0.1314646250102669,ok
function-sin_pi-r05-mc01,function,sin_pi,MC,5,10005,20005,1000501,curve,sin_pi,0.0,1,40,121,0.01,0.025066282746310002,2000,2000,2000,0,192.0,0.096,0.0032422737025542903,0.0032422737025542903,0.0032422737025542903,0.003067065691957321,0.495,0.1328459579963237,ok
function-sin_pi-r05-mc02,function,sin_pi,MC,5,10005,20005,1000502,curve,sin_pi,0.0,1,40,121,0.01,0.025066282746310002,2000,2000,2000,0,185.0,0.0925,0.004768571429398486,0.004768571429398486,0.004768571429398486,0.004468281048060406,0.435,0.1308292499743402,ok
function-sin_pi-r05-mc03,function,sin_pi,MC,5,10005,20005,1000503,curve,sin_pi,0.0,1,40,121,0.01,0.025066282746310002,2000,2000,2000,0,169.0,0.0845,0.006695111565758676,0.006695111565758676,0.006695111565758676,0.006436932036180546,0.685,0.1271596672013402,ok
function-sin_pi-r05-mc04,function,sin_pi,MC,5,10005,20005,1000504,curve,sin_pi,0.0,1,40,121,0.01,0.025066282746310002,2000,2000,2000,0,179.0,0.0895,0.005962602606414925,0.005962602606414925,0.005962602606414925,0.005712603868307362,0.66,0.12777179083786905,ok
function-sin_pi-r06-gd,function,sin_pi,GD,6,10006,20006,20006,curve,sin_pi,0.0,1,40,121,0.01,0.025066282746310002,2000,2000,2000,2000,,,0.002305827396378898,0.002305827396378898,0.002305827396378898,0.0022216162757435092,0.365,0.19859420810826123,ok
function-sin_pi-r06-mc00,function,sin_pi,MC,6,10006,20006,1000600,curve,sin_pi,0.0,1,40,121,0.01,0.025066282746310002,2000,2000,2000,0,163.0,0.0815,0.00614043266890329,0.00614043266890329,0.00614043266890329,0.005854653206707187,0.63,0.12783024995587766,ok
function-sin_pi-r06-mc01,function,sin_pi,MC,6,10006,20006,1000601,curve,sin_pi,0.0,1,40,121,0.01,0.025066282746310002,2000,2000,2000,0,199.0,0.0995,0.0032346384887206605,0.0032346384887206605,0.0032346384887206605,0.00303916822729957,0.43,0.13002408295869827,ok
function-sin_pi-r06-mc02,function,sin_pi,MC,6,10006,20006,1000602,curve,sin_pi,0.0,1,40,121,0.01,0.025066282746310002,2000,2000,2000,0,176.0,0.088,0.008445329587903108,0.008445329587903108,0.008445329587903108,0.008018248289805234,0.705,0.12732154107652605,ok
function-sin_pi-r06-mc03,function,sin_pi,MC,6,10006,20006,1000603,curve,sin_pi,0.0,1,40,121,0.01,0.025066282746310002,2000,2000,2000,0,194.0,0.097,0.007241644128721144,0.007241644128721144,0.007241644128721144,0.006875957029690836,0.675,0.12264229101128876,ok
function-sin_pi-r06-mc04,function,sin_pi,MC,6,10006,20006,1000604,curve,sin_pi,0.0,1,40,121,0.01,0.025066282746310002,2000,2000,2000,0,171.0,0.0855,0.008977917297693615,0.008977917297693615,0.008977917297693615,0.008474111635273908,0.7,0.12968720798380673,ok
function-sin_pi-r07-gd,function,sin_pi,GD,7,10007,20007,20007,curve,sin_pi,0.0,1,40,121,0.01,0.025066282746310002,2000,2000,2000,2000,,,0.00245302075248255,0.00245302075248255,0.00245302075248255,0.002361381777431905,0.39,0.1837100840639323,ok
function-sin_pi-r07-mc00,function,sin_pi,MC,7,10007,20007,1000700,curve,sin_pi,0.0,1,40,121,0.01,0.025066282746310002,2000,2000,2000,0,170.0,0.085,0.00265456374955906,0.00265456374955906,0.00265456374955906,0.0025860037423012013,0.48,0.12835254217498004,ok
function-sin_pi-r07-mc01,function,sin_pi,MC,7,10007,20007,1000701,curve,sin_pi,0.0,1,40,121,0.01,0.025066282746310002,2000,2000,2000,0,179.0,0.0895,0.008531268990587579,0.008531268990587579,0.008531268990587579,0.008159897726474132,0.71,0.1243522500153631,ok
function-sin_pi-r07-mc02,function,sin_pi,MC,7,10007,20007,1000702,curve,sin_pi,0.0,1,40,121,0.01,0.025066282746310002,2000,2000,2000,0,173.0,0.0865,0.00579721669294972,0.00579721669294972,0.00579721669294972,0.00547896823745167,0.62,0.13014337490312755,ok
function-sin_pi-r07-mc03,function,sin_pi,MC,7,10007,20007,1000703,curve,sin_pi,0.0,1,40,121,0.01,0.025066282746310002,2000,2000,2000,0,188.0,0.094,0.004686330261333432,0.004686330261333432,0.004686330261333432,0.004417620094708975,0.545,0.12567937513813376,ok
function-sin_pi-r07-mc04,function,sin_pi,MC,7,10007,20007,1000704,curve,sin_pi,0.0,1,40,121,0.01,0.025066282746310002,2000,2000,2000,0,160.0,0.08,0.004188300773422295,0.004188300773422295,0.004188300773422295,0.004063957313061529,0.56,0.12385625019669533,ok
function-sin_pi-r08-gd,function,sin_pi,GD,8,10008,20008,20008,curve,sin_pi,0.0,1,40,121,0.01,0.025066282746310002,2000,2000,2000,2000,,,0.002255075215898509,0.002255075215898509,0.002255075215898509,0.002174780301912544,0.34,0.2125148749910295,ok
function-sin_pi-r08-mc00,function,sin_pi,MC,8,10008,20008,1000800,curve,sin_pi,0.0,1,40,121,0.01,0.025066282746310002,2000,2000,2000,0,173.0,0.0865,0.008399106310036205,0.008399106310036205,0.008399106310036205,0.00801162196410587,0.72,0.1266244170255959,ok
function-sin_pi-r08-mc01,function,sin_pi,MC,8,10008,20008,1000801,curve,sin_pi,0.0,1,40,121,0.01,0.025066282746310002,2000,2000,2000,0,169.0,0.0845,0.006171322516841391,0.006171322516841391,0.006171322516841391,0.005922285112838841,0.665,0.12710225000046194,ok
function-sin_pi-r08-mc02,function,sin_pi,MC,8,10008,20008,1000802,curve,sin_pi,0.0,1,40,121,0.01,0.025066282746310002,2000,2000,2000,0,169.0,0.0845,0.004983989475112432,0.004983989475112432,0.004983989475112432,0.004738018054048467,0.6,0.12922008289024234,ok
function-sin_pi-r08-mc03,function,sin_pi,MC,8,10008,20008,1000803,curve,sin_pi,0.0,1,40,121,0.01,0.025066282746310002,2000,2000,2000,0,176.0,0.088,0.004267477238289169,0.004267477238289169,0.004267477238289169,0.004007223729383663,0.495,0.12817845889367163,ok
function-sin_pi-r08-mc04,function,sin_pi,MC,8,10008,20008,1000804,curve,sin_pi,0.0,1,40,121,0.01,0.025066282746310002,2000,2000,2000,0,188.0,0.094,0.004787662831439044,0.004787662831439044,0.004787662831439044,0.004501301230997367,0.515,0.12716099992394447,ok
function-sin_pi-r09-gd,function,sin_pi,GD,9,10009,20009,20009,curve,sin_pi,0.0,1,40,121,0.01,0.025066282746310002,2000,2000,2000,2000,,,0.0032750829878609735,0.0032750829878609735,0.0032750829878609735,0.003141654442043506,0.465,0.18681220803409815,ok
function-sin_pi-r09-mc00,function,sin_pi,MC,9,10009,20009,1000900,curve,sin_pi,0.0,1,40,121,0.01,0.025066282746310002,2000,2000,2000,0,169.0,0.0845,0.007440371637359023,0.007440371637359023,0.007440371637359023,0.007076297762472571,0.685,0.12087395810522139,ok
function-sin_pi-r09-mc01,function,sin_pi,MC,9,10009,20009,1000901,curve,sin_pi,0.0,1,40,121,0.01,0.025066282746310002,2000,2000,2000,0,180.0,0.09,0.008136645951369854,0.008136645951369854,0.008136645951369854,0.007725266589625831,0.67,0.13313658302649856,ok
function-sin_pi-r09-mc02,function,sin_pi,MC,9,10009,20009,1000902,curve,sin_pi,0.0,1,40,121,0.01,0.025066282746310002,2000,2000,2000,0,183.0,0.0915,0.006581985245153823,0.006581985245153823,0.006581985245153823,0.006212931630199487,0.645,0.12435829197056592,ok
function-sin_pi-r09-mc03,function,sin_pi,MC,9,10009,20009,1000903,curve,sin_pi,0.0,1,40,121,0.01,0.025066282746310002,2000,2000,2000,0,169.0,0.0845,0.004933588391168505,0.004933588391168505,0.004933588391168505,0.004622612981731709,0.555,0.1250177500769496,ok
function-sin_pi-r09-mc04,function,sin_pi,MC,9,10009,20009,1000904,curve,sin_pi,0.0,1,40,121,0.01,0.025066282746310002,2000,2000,2000,0,186.0,0.093,0.007178567833170812,0.007178567833170812,0.007178567833170812,0.00686165034167969,0.67,0.125375583069399,ok
function-sin_pi-r10-gd,function,sin_pi,GD,10,10010,20010,20010,curve,sin_pi,0.0,1,40,121,0.01,0.025066282746310002,2000,2000,2000,2000,,,0.002297298567979264,0.002297298567979264,0.002297298567979264,0.002214195770214977,0.35,0.19094429211691022,ok
function-sin_pi-r10-mc00,function,sin_pi,MC,10,10010,20010,1001000,curve,sin_pi,0.0,1,40,121,0.01,0.025066282746310002,2000,2000,2000,0,156.0,0.078,0.0057023152140842056,0.0057023152140842056,0.0057023152140842056,0.00541491929568352,0.625,0.13668374996632338,ok
function-sin_pi-r10-mc01,function,sin_pi,MC,10,10010,20010,1001001,curve,sin_pi,0.0,1,40,121,0.01,0.025066282746310002,2000,2000,2000,0,189.0,0.0945,0.00588361243607006,0.00588361243607006,0.00588361243607006,0.005720123417696722,0.59,0.14151166612282395,ok
function-sin_pi-r10-mc02,function,sin_pi,MC,10,10010,20010,1001002,curve,sin_pi,0.0,1,40,121,0.01,0.025066282746310002,2000,2000,2000,0,175.0,0.0875,0.005817178812676165,0.005817178812676165,0.005817178812676165,0.005514947826502855,0.535,0.12251191609539092,ok
function-sin_pi-r10-mc03,function,sin_pi,MC,10,10010,20010,1001003,curve,sin_pi,0.0,1,40,121,0.01,0.025066282746310002,2000,2000,2000,0,171.0,0.0855,0.006121436133599036,0.006121436133599036,0.006121436133599036,0.005803716797205929,0.615,0.13179458305239677,ok
function-sin_pi-r10-mc04,function,sin_pi,MC,10,10010,20010,1001004,curve,sin_pi,0.0,1,40,121,0.01,0.025066282746310002,2000,2000,2000,0,170.0,0.085,0.004486986866699474,0.004486986866699474,0.004486986866699474,0.004325750174766542,0.615,0.1300037910696119,ok
function-sin_pi-r11-gd,function,sin_pi,GD,11,10011,20011,20011,curve,sin_pi,0.0,1,40,121,0.01,0.025066282746310002,2000,2000,2000,2000,,,0.0031579245805846297,0.0031579245805846297,0.0031579245805846297,0.003029940204189553,0.455,0.19284741603769362,ok
function-sin_pi-r11-mc00,function,sin_pi,MC,11,10011,20011,1001100,curve,sin_pi,0.0,1,40,121,0.01,0.025066282746310002,2000,2000,2000,0,156.0,0.078,0.009047680733809318,0.009047680733809318,0.009047680733809318,0.008704409818808918,0.73,0.12813024991191924,ok
function-sin_pi-r11-mc01,function,sin_pi,MC,11,10011,20011,1001101,curve,sin_pi,0.0,1,40,121,0.01,0.025066282746310002,2000,2000,2000,0,147.0,0.0735,0.008812202402103776,0.008812202402103776,0.008812202402103776,0.008342809646559915,0.715,0.1272754999808967,ok
function-sin_pi-r11-mc02,function,sin_pi,MC,11,10011,20011,1001102,curve,sin_pi,0.0,1,40,121,0.01,0.025066282746310002,2000,2000,2000,0,150.0,0.075,0.008025997231451693,0.008025997231451693,0.008025997231451693,0.007641746407822082,0.7,0.1317870831117034,ok
function-sin_pi-r11-mc03,function,sin_pi,MC,11,10011,20011,1001103,curve,sin_pi,0.0,1,40,121,0.01,0.025066282746310002,2000,2000,2000,0,152.0,0.076,0.008024831515307836,0.008024831515307836,0.008024831515307836,0.007724215329260605,0.72,0.1270729578100145,ok
function-sin_pi-r11-mc04,function,sin_pi,MC,11,10011,20011,1001104,curve,sin_pi,0.0,1,40,121,0.01,0.025066282746310002,2000,2000,2000,0,159.0,0.0795,0.007042222440700094,0.007042222440700094,0.007042222440700094,0.006793706227966164,0.705,0.12293320801109076,ok
function-gaussian_bump-r00-gd,function,gaussian_bump,GD,0,10000,20000,20000,curve,gaussian_bump,0.0,1,40,121,0.01,0.025066282746310002,2000,2000,2000,2000,,,0.00038884368147894336,0.00038884368147894336,0.00038884368147894336,0.0003828094028333933,0.0,0.22419312503188848,ok
function-gaussian_bump-r00-mc00,function,gaussian_bump,MC,0,10000,20000,1000000,curve,gaussian_bump,0.0,1,40,121,0.01,0.025066282746310002,2000,2000,2000,0,217.0,0.1085,0.03006648100013758,0.03006648100013758,0.03006648100013758,0.029773612444950987,0.765,0.1273902920074761,ok
function-gaussian_bump-r00-mc01,function,gaussian_bump,MC,0,10000,20000,1000001,curve,gaussian_bump,0.0,1,40,121,0.01,0.025066282746310002,2000,2000,2000,0,224.0,0.112,0.0038438378110668223,0.0038438378110668223,0.0038438378110668223,0.0038206906943950678,0.465,0.13130574999377131,ok
function-gaussian_bump-r00-mc02,function,gaussian_bump,MC,0,10000,20000,1000002,curve,gaussian_bump,0.0,1,40,121,0.01,0.025066282746310002,2000,2000,2000,0,228.0,0.114,0.00901120026905262,0.00901120026905262,0.00901120026905262,0.009040502144135562,0.49,0.137943624984473,ok
function-gaussian_bump-r00-mc03,function,gaussian_bump,MC,0,10000,20000,1000003,curve,gaussian_bump,0.0,1,40,121,0.01,0.025066282746310002,2000,2000,2000,0,225.0,0.1125,0.003944975943558539,0.003944975943558539,0.003944975943558539,0.0038909546342390995,0.58,0.13306720810942352,ok
function-gaussian_bump-r00-mc04,function,gaussian_bump,MC,0,10000,20000,1000004,curve,gaussian_bump,0.0,1,40,121,0.01,0.025066282746310002,2000,2000,2000,0,215.0,0.1075,0.03157529339831754,0.03157529339831754,0.03157529339831754,0.03107215497209967,0.8,0.13231041701510549,ok
function-gaussian_bump-r01-gd,function,gaussian_bump,GD,1,10001,20001,20001,curve,gaussian_bump,0.0,1,40,121,0.01,0.025066282746310002,2000,2000,2000,2000,,,0.00035311145239117506,0.00035311145239117506,0.00035311145239117506,0.0003510941866730313,0.0,0.19284945796243846,ok
function-gaussian_bump-r01-mc00,function,gaussian_bump,MC,1,10001,20001,1000100,curve,gaussian_bump,0.0,1,40,121,0.01,0.025066282746310002,2000,2000,2000,0,229.0,0.1145,0.019621192621348277,0.019621192621348277,0.019621192621348277,0.019612938592874215,0.83,0.13524991692975163,ok
function-gaussian_bump-r01-mc01,function,gaussian_bump,MC,1,10001,20001,1000101,curve,gaussian_bump,0.0,1,40,121,0.01,0.025066282746310002,2000,2000,2000,0,230.0,0.115,0.01137437003794102,0.01137437003794102,0.01137437003794102,0.011252484749747464,0.675,0.14020116697065532,ok
function-gaussian_bump-r01-mc02,function,gaussian_bump,MC,1,10001,20001,1000102,curve,gaussian_bump,0.0,1,40,121,0.01,0.025066282746310002,2000,2000,2000,0,226.0,0.113,0.04471251845633302,0.04471251845633302,0.04471251845633302,0.04365339885839238,0.81,0.12561045889742672,ok
function-gaussian_bump-r01-mc03,function,gaussian_bump,MC,1,10001,20001,1000103,curve,gaussian_bump,0.0,1,40,121,0.01,0.025066282746310002,2000,2000,2000,0,216.0,0.108,0.008748894363519917,0.008748894363519917,0.008748894363519917,0.008707059571419014,0.72,0.1243311669677496,ok
function-gaussian_bump-r01-mc04,function,gaussian_bump,MC,1,10001,20001,1000104,curve,gaussian_bump,0.0,1,40,121,0.01,0.025066282746310002,2000,2000,2000,0,240.0,0.12,0.010681963436956028,0.010681963436956028,0.010681963436956028,0.010708312215508713,0.66,0.0978725419845432,ok
function-gaussian_bump-r02-gd,function,gaussian_bump,GD,2,10002,20002,20002,curve,gaussian_bump,0.0,1,40,121,0.01,0.025066282746310002,2000,2000,2000,2000,,,0.0006274027167297126,0.0006274027167297126,0.0006274027167297126,0.0006217583726727192,0.0,0.18565620807930827,ok
function-gaussian_bump-r02-mc00,function,gaussian_bump,MC,2,10002,20002,1000200,curve,gaussian_bump,0.0,1,40,121,0.01,0.025066282746310002,2000,2000,2000,0,230.0,0.115,0.022153232933957642,0.022153232933957642,0.022153232933957642,0.021715884856225824,0.805,0.13030979200266302,ok
function-gaussian_bump-r02-mc01,function,gaussian_bump,MC,2,10002,20002,1000201,curve,gaussian_bump,0.0,1,40,121,0.01,0.025066282746310002,2000,2000,2000,0,226.0,0.113,0.010023187495863008,0.010023187495863008,0.010023187495863008,0.010076244083938929,0.665,0.13454529200680554,ok
function-gaussian_bump-r02-mc02,function,gaussian_bump,MC,2,10002,20002,1000202,curve,gaussian_bump,0.0,1,40,121,0.01,0.025066282746310002,2000,2000,2000,0,217.0,0.1085,0.021747854414253833,0.021747854414253833,0.021747854414253833,0.021457610508909618,0.785,0.11771258316002786,ok
function-gaussian_bump-r02-mc03,function,gaussian_bump,MC,2,10002,20002,1000203,curve,gaussian_bump,0.0,1,40,121,0.01,0.025066282746310002,2000,2000,2000,0,231.0,0.1155,0.033541370801011765,0.033541370801011765,0.033541370801011765,0.03295842081350351,0.78,0.11411433294415474,ok
function-gaussian_bump-r02-mc04,function,gaussian_bump,MC,2,10002,20002,1000204,curve,gaussian_bump,0.0,1,40,121,0.01,0.025066282746310002,2000,2000,2000,0,222.0,0.111,0.03907831010318971,0.03907831010318971,0.03907831010318971,0.03855015615822983,0.83,0.12660358287394047,ok
function-gaussian_bump-r03-gd,function,gaussian_bump,GD,3,10003,20003,20003,curve,gaussian_bump,0.0,1,40,121,0.01,0.025066282746310002,2000,2000,2000,2000,,,0.0009461980650943686,0.0009461980650943686,0.0009461980650943686,0.0009335199484178649,0.065,0.1955892499536276,ok
function-gaussian_bump-r03-mc00,function,gaussian_bump,MC,3,10003,20003,1000300,curve,gaussian_bump,0.0,1,40,121,0.01,0.025066282746310002,2000,2000,2000,0,229.0,0.1145,0.025401980154486754,0.025401980154486754,0.025401980154486754,0.025120915784751563,0.67,0.125577500090003,ok
function-gaussian_bump-r03-mc01,function,gaussian_bump,MC,3,10003,20003,1000301,curve,gaussian_bump,0.0,1,40,121,0.01,0.025066282746310002,2000,2000,2000,0,249.0,0.1245,0.01848389508441451,0.01848389508441451,0.01848389508441451,0.018496876166428245,0.655,0.1410304168239236,ok
function-gaussian_bump-r03-mc02,function,gaussian_bump,MC,3,10003,20003,1000302,curve,gaussian_bump,0.0,1,40,121,0.01,0.025066282746310002,2000,2000,2000,0,260.0,0.13,0.012626946895270058,0.012626946895270058,0.012626946895270058,0.012660426968019249,0.775,0.13030974986031651,ok
function-gaussian_bump-r03-mc03,function,gaussian_bump,MC,3,10003,20003,1000303,curve,gaussian_bump,0.0,1,40,121,0.01,0.025066282746310002,2000,2000,2000,0,242.0,0.121,0.027083156517790877,0.027083156517790877,0.027083156517790877,0.027115472488135915,0.825,0.12441741698421538,ok
function-gaussian_bump-r03-mc04,function,gaussian_bump,MC,3,10003,20003,1000304,curve,gaussian_bump,0.0,1,40,121,0.01,0.025066282746310002,2000,2000,2000,0,228.0,0.114,0.029311354967152967,0.029311354967152967,0.029311354967152967,0.02893374963265944,0.725,0.12108079204335809,ok
function-gaussian_bump-r04-gd,function,gaussian_bump,GD,4,10004,20004,20004,curve,gaussian_bump,0.0,1,40,121,0.01,0.025066282746310002,2000,2000,2000,2000,,,0.000478825147663667,0.000478825147663667,0.000478825147663667,0.00047745851671946794,0.0,0.19804300018586218,ok
function-gaussian_bump-r04-mc00,function,gaussian_bump,MC,4,10004,20004,1000400,curve,gaussian_bump,0.0,1,40,121,0.01,0.025066282746310002,2000,2000,2000,0,213.0,0.1065,0.009455886095040923,0.009455886095040923,0.009455886095040923,0.009404701257696858,0.755,0.1378717499319464,ok
function-gaussian_bump-r04-mc01,function,gaussian_bump,MC,4,10004,20004,1000401,curve,gaussian_bump,0.0,1,40,121,0.01,0.025066282746310002,2000,2000,2000,0,216.0,0.108,0.020525936630055145,0.020525936630055145,0.020525936630055145,0.020265313450228622,0.65,0.12975249998271465,ok
function-gaussian_bump-r04-mc02,function,gaussian_bump,MC,4,10004,20004,1000402,curve,gaussian_bump,0.0,1,40,121,0.01,0.025066282746310002,2000,2000,2000,0,227.0,0.1135,0.030258070752637343,0.030258070752637343,0.030258070752637343,0.029907615146000887,0.825,0.13307079207152128,ok
function-gaussian_bump-r04-mc03,function,gaussian_bump,MC,4,10004,20004,1000403,curve,gaussian_bump,0.0,1,40,121,0.01,0.025066282746310002,2000,2000,2000,0,222.0,0.111,0.036556954389799855,0.036556954389799855,0.036556954389799855,0.036413015715246314,0.86,0.13155879196710885,ok
function-gaussian_bump-r04-mc04,function,gaussian_bump,MC,4,10004,20004,1000404,curve,gaussian_bump,0.0,1,40,121,0.01,0.025066282746310002,2000,2000,2000,0,258.0,0.129,0.01494773861358828,0.01494773861358828,0.01494773861358828,0.014898127514941873,0.735,0.13012041710317135,ok
function-gaussian_bump-r05-gd,function,gaussian_bump,GD,5,10005,20005,20005,curve,gaussian_bump,0.0,1,40,121,0.01,0.025066282746310002,2000,2000,2000,2000,,,0.0004504908415531776,0.0004504908415531776,0.0004504908415531776,0.0004411268651979961,0.0,0.21868745889514685,ok
function-gaussian_bump-r05-mc00,function,gaussian_bump,MC,5,10005,20005,1000500,curve,gaussian_bump,0.0,1,40,121,0.01,0.025066282746310002,2000,2000,2000,0,218.0,0.109,0.029434199951948584,0.029434199951948584,0.029434199951948584,0.029058950930516022,0.72,0.12869329191744328,ok
function-gaussian_bump-r05-mc01,function,gaussian_bump,MC,5,10005,20005,1000501,curve,gaussian_bump,0.0,1,40,121,0.01,0.025066282746310002,2000,2000,2000,0,230.0,0.115,0.01636051597591935,0.01636051597591935,0.01636051597591935,0.01634508572401837,0.78,0.13967929198406637,ok
function-gaussian_bump-r05-mc02,function,gaussian_bump,MC,5,10005,20005,1000502,curve,gaussian_bump,0.0,1,40,121,0.01,0.025066282746310002,2000,2000,2000,0,239.0,0.1195,0.024906575958470865,0.024906575958470865,0.024906575958470865,0.024679056069999775,0.77,0.12989437486976385,ok
function-gaussian_bump-r05-mc03,function,gaussian_bump,MC,5,10005,20005,1000503,curve,gaussian_bump,0.0,1,40,121,0.01,0.025066282746310002,2000,2000,2000,0,206.0,0.103,0.002812640438790581,0.002812640438790581,0.002812640438790581,0.0028113161961204123,0.465,0.14333695895038545,ok
function-gaussian_bump-r05-mc04,function,gaussian_bump,MC,5,10005,20005,1000504,curve,gaussian_bump,0.0,1,40,121,0.01,0.025066282746310002,2000,2000,2000,0,211.0,0.1055,0.02030850062039327,0.02030850062039327,0.02030850062039327,0.020058781616146885,0.755,0.13432054198347032,ok
function-gaussian_bump-r06-gd,function,gaussian_bump,GD,6,10006,20006,20006,curve,gaussian_bump,0.0,1,40,121,0.01,0.025066282746310002,2000,2000,2000,2000,,,0.0015904701180702754,0.0015904701180702754,0.0015904701180702754,0.001559135756554418,0.18,0.19894633279182017,ok
function-gaussian_bump-r06-mc00,function,gaussian_bump,MC,6,10006,20006,1000600,curve,gaussian_bump,0.0,1,40,121,0.01,0.025066282746310002,2000,2000,2000,0,225.0,0.1125,0.023395443027307197,0.023395443027307197,0.023395443027307197,0.023169317894073,0.64,0.13314862502738833,ok
function-gaussian_bump-r06-mc01,function,gaussian_bump,MC,6,10006,20006,1000601,curve,gaussian_bump,0.0,1,40,121,0.01,0.025066282746310002,2000,2000,2000,0,227.0,0.1135,0.009951426401285492,0.009951426401285492,0.009951426401285492,0.009822497578118932,0.69,0.12524341698735952,ok
function-gaussian_bump-r06-mc02,function,gaussian_bump,MC,6,10006,20006,1000602,curve,gaussian_bump,0.0,1,40,121,0.01,0.025066282746310002,2000,2000,2000,0,228.0,0.114,0.010099227534280154,0.010099227534280154,0.010099227534280154,0.01010980071227705,0.73,0.12956412485800683,ok
function-gaussian_bump-r06-mc03,function,gaussian_bump,MC,6,10006,20006,1000603,curve,gaussian_bump,0.0,1,40,121,0.01,0.025066282746310002,2000,2000,2000,0,234.0,0.117,0.009378258533872754,0.009378258533872754,0.009378258533872754,0.009322853601306183,0.75,0.13129562512040138,ok
function-gaussian_bump-r06-mc04,function,gaussian_bump,MC,6,10006,20006,1000604,curve,gaussian_bump,0.0,1,40,121,0.01,0.025066282746310002,2000,2000,2000,0,219.0,0.1095,0.023989278229756526,0.023989278229756526,0.023989278229756526,0.023762564108279337,0.775,0.12673870893195271,ok
function-gaussian_bump-r07-gd,function,gaussian_bump,GD,7,10007,20007,20007,curve,gaussian_bump,0.0,1,40,121,0.01,0.025066282746310002,2000,2000,2000,2000,,,0.0006348161593028299,0.0006348161593028299,0.0006348161593028299,0.0006260022496073001,0.005,0.19418016681447625,ok
function-gaussian_bump-r07-mc00,function,gaussian_bump,MC,7,10007,20007,1000700,curve,gaussian_bump,0.0,1,40,121,0.01,0.025066282746310002,2000,2000,2000,0,230.0,0.115,0.009474337277359888,0.009474337277359888,0.009474337277359888,0.009408403165485541,0.75,0.1377476251218468,ok
function-gaussian_bump-r07-mc01,function,gaussian_bump,MC,7,10007,20007,1000701,curve,gaussian_bump,0.0,1,40,121,0.01,0.025066282746310002,2000,2000,2000,0,221.0,0.1105,0.007138841656493005,0.007138841656493005,0.007138841656493005,0.00706195580678026,0.66,0.13363912515342236,ok
function-gaussian_bump-r07-mc02,function,gaussian_bump,MC,7,10007,20007,1000702,curve,gaussian_bump,0.0,1,40,121,0.01,0.025066282746310002,2000,2000,2000,0,234.0,0.117,0.021850861961787173,0.021850861961787173,0.021850861961787173,0.021679887942944405,0.655,0.12941262498497963,ok
function-gaussian_bump-r07-mc03,function,gaussian_bump,MC,7,10007,20007,1000703,curve,gaussian_bump,0.0,1,40,121,0.01,0.025066282746310002,2000,2000,2000,0,232.0,0.116,0.010841107519135166,0.010841107519135166,0.010841107519135166,0.010771845647071041,0.735,0.1287122501526028,ok
function-gaussian_bump-r07-mc04,function,gaussian_bump,MC,7,10007,20007,1000704,curve,gaussian_bump,0.0,1,40,121,0.01,0.025066282746310002,2000,2000,2000,0,225.0,0.1125,0.021761879367591525,0.021761879367591525,0.021761879367591525,0.021586860325493146,0.725,0.131707709049806,ok
function-gaussian_bump-r08-gd,function,gaussian_bump,GD,8,10008,20008,20008,curve,gaussian_bump,0.0,1,40,121,0.01,0.025066282746310002,2000,2000,2000,2000,,,0.0006602276647009855,0.0006602276647009855,0.0006602276647009855,0.000646946518508523,0.005,0.21388450008817017,ok
function-gaussian_bump-r08-mc00,function,gaussian_bump,MC,8,10008,20008,1000800,curve,gaussian_bump,0.0,1,40,121,0.01,0.025066282746310002,2000,2000,2000,0,207.0,0.1035,0.035624119943029366,0.035624119943029366,0.035624119943029366,0.03497648392657763,0.74,0.13065987499430776,ok
function-gaussian_bump-r08-mc01,function,gaussian_bump,MC,8,10008,20008,1000801,curve,gaussian_bump,0.0,1,40,121,0.01,0.025066282746310002,2000,2000,2000,0,232.0,0.116,0.02611534595501887,0.02611534595501887,0.02611534595501887,0.025885561802980787,0.825,0.12769595813006163,ok
function-gaussian_bump-r08-mc02,function,gaussian_bump,MC,8,10008,20008,1000802,curve,gaussian_bump,0.0,1,40,121,0.01,0.025066282746310002,2000,2000,2000,0,239.0,0.1195,0.009410401139343293,0.009410401139343293,0.009410401139343293,0.009474340933269532,0.65,0.12205362506210804,ok
function-gaussian_bump-r08-mc03,function,gaussian_bump,MC,8,10008,20008,1000803,curve,gaussian_bump,0.0,1,40,121,0.01,0.025066282746310002,2000,2000,2000,0,240.0,0.12,0.025798613255849014,0.025798613255849014,0.025798613255849014,0.025429958609549774,0.685,0.13038050010800362,ok
function-gaussian_bump-r08-mc04,function,gaussian_bump,MC,8,10008,20008,1000804,curve,gaussian_bump,0.0,1,40,121,0.01,0.025066282746310002,2000,2000,2000,0,233.0,0.1165,0.015287336278265999,0.015287336278265999,0.015287336278265999,0.01516357739343158,0.795,0.12686675018630922,ok
function-gaussian_bump-r09-gd,function,gaussian_bump,GD,9,10009,20009,20009,curve,gaussian_bump,0.0,1,40,121,0.01,0.025066282746310002,2000,2000,2000,2000,,,0.00044312127470686814,0.00044312127470686814,0.00044312127470686814,0.00043304332876063333,0.0,0.19304495817050338,ok
function-gaussian_bump-r09-mc00,function,gaussian_bump,MC,9,10009,20009,1000900,curve,gaussian_bump,0.0,1,40,121,0.01,0.025066282746310002,2000,2000,2000,0,253.0,0.1265,0.004284590144015496,0.004284590144015496,0.004284590144015496,0.004245341808889698,0.605,0.1320566248614341,ok
function-gaussian_bump-r09-mc01,function,gaussian_bump,MC,9,10009,20009,1000901,curve,gaussian_bump,0.0,1,40,121,0.01,0.025066282746310002,2000,2000,2000,0,239.0,0.1195,0.014645999065627842,0.014645999065627842,0.014645999065627842,0.014328885291674615,0.64,0.12463320815004408,ok
function-gaussian_bump-r09-mc02,function,gaussian_bump,MC,9,10009,20009,1000902,curve,gaussian_bump,0.0,1,40,121,0.01,0.025066282746310002,2000,2000,2000,0,209.0,0.1045,0.01426750588602936,0.01426750588602936,0.01426750588602936,0.014172256100502732,0.79,0.11930508399382234,ok
function-gaussian_bump-r09-mc03,function,gaussian_bump,MC,9,10009,20009,1000903,curve,gaussian_bump,0.0,1,40,121,0.01,0.025066282746310002,2000,2000,2000,0,209.0,0.1045,0.027205822570530974,0.027205822570530974,0.027205822570530974,0.026713800337700887,0.845,0.10833116713911295,ok
function-gaussian_bump-r09-mc04,function,gaussian_bump,MC,9,10009,20009,1000904,curve,gaussian_bump,0.0,1,40,121,0.01,0.025066282746310002,2000,2000,2000,0,249.0,0.1245,0.015728815076752972,0.015728815076752972,0.015728815076752972,0.01554861586051467,0.8,0.1323200420010835,ok
function-gaussian_bump-r10-gd,function,gaussian_bump,GD,10,10010,20010,20010,curve,gaussian_bump,0.0,1,40,121,0.01,0.025066282746310002,2000,2000,2000,2000,,,0.0009230744051695587,0.0009230744051695587,0.0009230744051695587,0.0009033851576667383,0.1,0.20614520786330104,ok
function-gaussian_bump-r10-mc00,function,gaussian_bump,MC,10,10010,20010,1001000,curve,gaussian_bump,0.0,1,40,121,0.01,0.025066282746310002,2000,2000,2000,0,197.0,0.0985,0.016268071289286545,0.016268071289286545,0.016268071289286545,0.01614353900958925,0.69,0.1264862921088934,ok
function-gaussian_bump-r10-mc01,function,gaussian_bump,MC,10,10010,20010,1001001,curve,gaussian_bump,0.0,1,40,121,0.01,0.025066282746310002,2000,2000,2000,0,232.0,0.116,0.013529182752286272,0.013529182752286272,0.013529182752286272,0.013444144984818295,0.635,0.11988691613078117,ok
function-gaussian_bump-r10-mc02,function,gaussian_bump,MC,10,10010,20010,1001002,curve,gaussian_bump,0.0,1,40,121,0.01,0.025066282746310002,2000,2000,2000,0,203.0,0.1015,0.05104462093959508,0.05104462093959508,0.05104462093959508,0.04990541134240892,0.84,0.1200702078640461,ok
function-gaussian_bump-r10-mc03,function,gaussian_bump,MC,10,10010,20010,1001003,curve,gaussian_bump,0.0,1,40,121,0.01,0.025066282746310002,2000,2000,2000,0,235.0,0.1175,0.007754321857034778,0.007754321857034778,0.007754321857034778,0.007635939794872334,0.705,0.13736524991691113,ok
function-gaussian_bump-r10-mc04,function,gaussian_bump,MC,10,10010,20010,1001004,curve,gaussian_bump,0.0,1,40,121,0.01,0.025066282746310002,2000,2000,2000,0,224.0,0.112,0.01885996377162365,0.01885996377162365,0.01885996377162365,0.018772745208419914,0.79,0.1338377920910716,ok
function-gaussian_bump-r11-gd,function,gaussian_bump,GD,11,10011,20011,20011,curve,gaussian_bump,0.0,1,40,121,0.01,0.025066282746310002,2000,2000,2000,2000,,,0.0004431148508495674,0.0004431148508495674,0.0004431148508495674,0.0004416421160090801,0.0,0.18547458294779062,ok
function-gaussian_bump-r11-mc00,function,gaussian_bump,MC,11,10011,20011,1001100,curve,gaussian_bump,0.0,1,40,121,0.01,0.025066282746310002,2000,2000,2000,0,246.0,0.123,0.004386404171465129,0.004386404171465129,0.004386404171465129,0.00437943136493291,0.56,0.12179800006560981,ok
function-gaussian_bump-r11-mc01,function,gaussian_bump,MC,11,10011,20011,1001101,curve,gaussian_bump,0.0,1,40,121,0.01,0.025066282746310002,2000,2000,2000,0,211.0,0.1055,0.008949886729105606,0.008949886729105606,0.008949886729105606,0.008880114387906875,0.615,0.1376705828588456,ok
function-gaussian_bump-r11-mc02,function,gaussian_bump,MC,11,10011,20011,1001102,curve,gaussian_bump,0.0,1,40,121,0.01,0.025066282746310002,2000,2000,2000,0,235.0,0.1175,0.00562369880781841,0.00562369880781841,0.00562369880781841,0.005623029810217026,0.64,0.12596479197964072,ok
function-gaussian_bump-r11-mc03,function,gaussian_bump,MC,11,10011,20011,1001103,curve,gaussian_bump,0.0,1,40,121,0.01,0.025066282746310002,2000,2000,2000,0,209.0,0.1045,0.008489981490519567,0.008489981490519567,0.008489981490519567,0.008323542193722564,0.585,0.11672045919112861,ok
function-gaussian_bump-r11-mc04,function,gaussian_bump,MC,11,10011,20011,1001104,curve,gaussian_bump,0.0,1,40,121,0.01,0.025066282746310002,2000,2000,2000,0,246.0,0.123,0.02495367429270935,0.02495367429270935,0.02495367429270935,0.02462119937143321,0.85,0.119344666833058,ok
function-wave_trend-r00-gd,function,wave_trend,GD,0,10000,20000,20000,curve,wave_trend,0.0,1,40,121,0.01,0.025066282746310002,2000,2000,2000,2000,,,0.030182517226854246,0.030182517226854246,0.030182517226854246,0.028389657520619366,0.84,0.21186291705816984,ok
function-wave_trend-r00-mc00,function,wave_trend,MC,0,10000,20000,1000000,curve,wave_trend,0.0,1,40,121,0.01,0.025066282746310002,2000,2000,2000,0,129.0,0.0645,0.11301011542558177,0.11301011542558177,0.11301011542558177,0.11001171621321344,0.93,0.12792016612365842,ok
function-wave_trend-r00-mc01,function,wave_trend,MC,0,10000,20000,1000001,curve,wave_trend,0.0,1,40,121,0.01,0.025066282746310002,2000,2000,2000,0,154.0,0.077,0.0932689292823724,0.0932689292823724,0.0932689292823724,0.08835361275326221,0.915,0.13211837480776012,ok
function-wave_trend-r00-mc02,function,wave_trend,MC,0,10000,20000,1000002,curve,wave_trend,0.0,1,40,121,0.01,0.025066282746310002,2000,2000,2000,0,168.0,0.084,0.08052435951326554,0.08052435951326554,0.08052435951326554,0.07580630994944243,0.915,0.12862737500108778,ok
function-wave_trend-r00-mc03,function,wave_trend,MC,0,10000,20000,1000003,curve,wave_trend,0.0,1,40,121,0.01,0.025066282746310002,2000,2000,2000,0,128.0,0.064,0.09781580491845687,0.09781580491845687,0.09781580491845687,0.0933407745596555,0.92,0.14397758315317333,ok
function-wave_trend-r00-mc04,function,wave_trend,MC,0,10000,20000,1000004,curve,wave_trend,0.0,1,40,121,0.01,0.025066282746310002,2000,2000,2000,0,145.0,0.0725,0.10126719924237303,0.10126719924237303,0.10126719924237303,0.09626903877552889,0.92,0.12686425005085766,ok
function-wave_trend-r01-gd,function,wave_trend,GD,1,10001,20001,20001,curve,wave_trend,0.0,1,40,121,0.01,0.025066282746310002,2000,2000,2000,2000,,,0.0292842563871567,0.0292842563871567,0.0292842563871567,0.027607862138840738,0.85,0.19325249991379678,ok
function-wave_trend-r01-mc00,function,wave_trend,MC,1,10001,20001,1000100,curve,wave_trend,0.0,1,40,121,0.01,0.025066282746310002,2000,2000,2000,0,148.0,0.074,0.08625662168965402,0.08625662168965402,0.08625662168965402,0.08155284334145133,0.91,0.12545854202471673,ok
function-wave_trend-r01-mc01,function,wave_trend,MC,1,10001,20001,1000101,curve,wave_trend,0.0,1,40,121,0.01,0.025066282746310002,2000,2000,2000,0,125.0,0.0625,0.09891155699348195,0.09891155699348195,0.09891155699348195,0.09443146052141539,0.93,0.12737729190848768,ok
function-wave_trend-r01-mc02,function,wave_trend,MC,1,10001,20001,1000102,curve,wave_trend,0.0,1,40,121,0.01,0.025066282746310002,2000,2000,2000,0,134.0,0.067,0.09914222284793453,0.09914222284793453,0.09914222284793453,0.09514188137566425,0.92,0.14882795792073011,ok
function-wave_trend-r01-mc03,function,wave_trend,MC,1,10001,20001,1000103,curve,wave_trend,0.0,1,40,121,0.01,0.025066282746310002,2000,2000,2000,0,131.0,0.0655,0.0963737751448782,0.0963737751448782,0.0963737751448782,0.09229948376884309,0.92,0.12958433316089213,ok
function-wave_trend-r01-mc04,function,wave_trend,MC,1,10001,20001,1000104,curve,wave_trend,0.0,1,40,121,0.01,0.025066282746310002,2000,2000,2000,0,128.0,0.064,0.09387775856630054,0.09387775856630054,0.09387775856630054,0.09029757849814404,0.93,0.13435808289796114,ok
function-wave_trend-r02-gd,function,wave_trend,GD,2,10002,20002,20002,curve,wave_trend,0.0,1,40,121,0.01,0.025066282746310002,2000,2000,2000,2000,,,0.029465073880898026,0.029465073880898026,0.029465073880898026,0.02774499203261656,0.845,0.19145724992267787,ok
function-wave_trend-r02-mc00,function,wave_trend,MC,2,10002,20002,1000200,curve,wave_trend,0.0,1,40,121,0.01,0.025066282746310002,2000,2000,2000,0,144.0,0.072,0.10153612511774235,0.10153612511774235,0.10153612511774235,0.09698153479546309,0.925,0.11420466704294086,ok
function-wave_trend-r02-mc01,function,wave_trend,MC,2,10002,20002,1000201,curve,wave_trend,0.0,1,40,121,0.01,0.025066282746310002,2000,2000,2000,0,147.0,0.0735,0.09154054825761676,0.09154054825761676,0.09154054825761676,0.08656299736158127,0.915,0.13087749993428588,ok
function-wave_trend-r02-mc02,function,wave_trend,MC,2,10002,20002,1000202,curve,wave_trend,0.0,1,40,121,0.01,0.025066282746310002,2000,2000,2000,0,134.0,0.067,0.09527152262018004,0.09527152262018004,0.09527152262018004,0.08981231847699217,0.92,0.13751033297739923,ok
function-wave_trend-r02-mc03,function,wave_trend,MC,2,10002,20002,1000203,curve,wave_trend,0.0,1,40,121,0.01,0.025066282746310002,2000,2000,2000,0,154.0,0.077,0.08444315550057309,0.08444315550057309,0.08444315550057309,0.07955734919301978,0.91,0.14149579196237028,ok
function-wave_trend-r02-mc04,function,wave_trend,MC,2,10002,20002,1000204,curve,wave_trend,0.0,1,40,121,0.01,0.025066282746310002,2000,2000,2000,0,92.0,0.046,0.13276211241971095,0.13276211241971095,0.13276211241971095,0.13047557298977971,0.935,0.13905199989676476,ok
function-wave_trend-r03-gd,function,wave_trend,GD,3,10003,20003,20003,curve,wave_trend,0.0,1,40,121,0.01,0.025066282746310002,2000,2000,2000,2000,,,0.028592964224886393,0.028592964224886393,0.028592964224886393,0.026928504946671858,0.835,0.17786837508901954,ok
function-wave_trend-r03-mc00,function,wave_trend,MC,3,10003,20003,1000300,curve,wave_trend,0.0,1,40,121,0.01,0.025066282746310002,2000,2000,2000,0,147.0,0.0735,0.09330294065276395,0.09330294065276395,0.09330294065276395,0.08807554452381532,0.91,0.11844029184430838,ok
function-wave_trend-r03-mc01,function,wave_trend,MC,3,10003,20003,1000301,curve,wave_trend,0.0,1,40,121,0.01,0.025066282746310002,2000,2000,2000,0,166.0,0.083,0.07937637714978515,0.07937637714978515,0.07937637714978515,0.07450575031072629,0.9,0.1275601671077311,ok
function-wave_trend-r03-mc02,function,wave_trend,MC,3,10003,20003,1000302,curve,wave_trend,0.0,1,40,121,0.01,0.025066282746310002,2000,2000,2000,0,150.0,0.075,0.08539429055155132,0.08539429055155132,0.08539429055155132,0.07967859226762447,0.9,0.12845474993810058,ok
function-wave_trend-r03-mc03,function,wave_trend,MC,3,10003,20003,1000303,curve,wave_trend,0.0,1,40,121,0.01,0.025066282746310002,2000,2000,2000,0,155.0,0.0775,0.08588094093709557,0.08588094093709557,0.08588094093709557,0.08137950497451964,0.915,0.1266108329873532,ok
function-wave_trend-r03-mc04,function,wave_trend,MC,3,10003,20003,1000304,curve,wave_trend,0.0,1,40,121,0.01,0.025066282746310002,2000,2000,2000,0,124.0,0.062,0.10778263254386265,0.10778263254386265,0.10778263254386265,0.10409888991324416,0.93,0.1266879579052329,ok
function-wave_trend-r04-gd,function,wave_trend,GD,4,10004,20004,20004,curve,wave_trend,0.0,1,40,121,0.01,0.025066282746310002,2000,2000,2000,2000,,,0.032878241147286616,0.032878241147286616,0.032878241147286616,0.030812797739726904,0.83,0.1910696248523891,ok
function-wave_trend-r04-mc00,function,wave_trend,MC,4,10004,20004,1000400,curve,wave_trend,0.0,1,40,121,0.01,0.025066282746310002,2000,2000,2000,0,142.0,0.071,0.08893039731033284,0.08893039731033284,0.08893039731033284,0.0837237817152146,0.91,0.12044766708277166,ok
function-wave_trend-r04-mc01,function,wave_trend,MC,4,10004,20004,1000401,curve,wave_trend,0.0,1,40,121,0.01,0.025066282746310002,2000,2000,2000,0,107.0,0.0535,0.1286266831746015,0.1286266831746015,0.1286266831746015,0.12708445251189407,0.935,0.12326329201459885,ok
function-wave_trend-r04-mc02,function,wave_trend,MC,4,10004,20004,1000402,curve,wave_trend,0.0,1,40,121,0.01,0.025066282746310002,2000,2000,2000,0,63.0,0.0315,0.1672795482283368,0.1672795482283368,0.1672795482283368,0.16759737604023955,0.935,0.12940433295443654,ok
function-wave_trend-r04-mc03,function,wave_trend,MC,4,10004,20004,1000403,curve,wave_trend,0.0,1,40,121,0.01,0.025066282746310002,2000,2000,2000,0,135.0,0.0675,0.09924033794752705,0.09924033794752705,0.09924033794752705,0.0946622386936382,0.92,0.12079537496902049,ok
function-wave_trend-r04-mc04,function,wave_trend,MC,4,10004,20004,1000404,curve,wave_trend,0.0,1,40,121,0.01,0.025066282746310002,2000,2000,2000,0,130.0,0.065,0.1190630731919748,0.1190630731919748,0.1190630731919748,0.11573054813608963,0.935,0.12659666617400944,ok
function-wave_trend-r05-gd,function,wave_trend,GD,5,10005,20005,20005,curve,wave_trend,0.0,1,40,121,0.01,0.025066282746310002,2000,2000,2000,2000,,,0.028748904897301076,0.028748904897301076,0.028748904897301076,0.027128236406406856,0.84,0.18534024991095066,ok
function-wave_trend-r05-mc00,function,wave_trend,MC,5,10005,20005,1000500,curve,wave_trend,0.0,1,40,121,0.01,0.025066282746310002,2000,2000,2000,0,155.0,0.0775,0.0790799019563835,0.0790799019563835,0.0790799019563835,0.07439754845979021,0.91,0.13132225000299513,ok
function-wave_trend-r05-mc01,function,wave_trend,MC,5,10005,20005,1000501,curve,wave_trend,0.0,1,40,121,0.01,0.025066282746310002,2000,2000,2000,0,139.0,0.0695,0.10025238506936462,0.10025238506936462,0.10025238506936462,0.09552400936091418,0.92,0.12529649981297553,ok
function-wave_trend-r05-mc02,function,wave_trend,MC,5,10005,20005,1000502,curve,wave_trend,0.0,1,40,121,0.01,0.025066282746310002,2000,2000,2000,0,142.0,0.071,0.09489166714329743,0.09489166714329743,0.09489166714329743,0.09082251776218257,0.925,0.12168591702356935,ok
function-wave_trend-r05-mc03,function,wave_trend,MC,5,10005,20005,1000503,curve,wave_trend,0.0,1,40,121,0.01,0.025066282746310002,2000,2000,2000,0,145.0,0.0725,0.09713670595457259,0.09713670595457259,0.09713670595457259,0.09233062706432599,0.925,0.12642520805820823,ok
function-wave_trend-r05-mc04,function,wave_trend,MC,5,10005,20005,1000504,curve,wave_trend,0.0,1,40,121,0.01,0.025066282746310002,2000,2000,2000,0,131.0,0.0655,0.09316626294326966,0.09316626294326966,0.09316626294326966,0.08885575623384717,0.92,0.12962300004437566,ok
function-wave_trend-r06-gd,function,wave_trend,GD,6,10006,20006,20006,curve,wave_trend,0.0,1,40,121,0.01,0.025066282746310002,2000,2000,2000,2000,,,0.028881654341422886,0.028881654341422886,0.028881654341422886,0.027240218108438127,0.84,0.18176887510344386,ok
function-wave_trend-r06-mc00,function,wave_trend,MC,6,10006,20006,1000600,curve,wave_trend,0.0,1,40,121,0.01,0.025066282746310002,2000,2000,2000,0,158.0,0.079,0.09465955036936986,0.09465955036936986,0.09465955036936986,0.08953430051396435,0.915,0.1230953331105411,ok
function-wave_trend-r06-mc01,function,wave_trend,MC,6,10006,20006,1000601,curve,wave_trend,0.0,1,40,121,0.01,0.025066282746310002,2000,2000,2000,0,136.0,0.068,0.10597652797724884,0.10597652797724884,0.10597652797724884,0.10075993814462225,0.925,0.1217094580642879,ok
function-wave_trend-r06-mc02,function,wave_trend,MC,6,10006,20006,1000602,curve,wave_trend,0.0,1,40,121,0.01,0.025066282746310002,2000,2000,2000,0,132.0,0.066,0.10528903522997013,0.10528903522997013,0.10528903522997013,0.10136066020612697,0.93,0.12131579197011888,ok
function-wave_trend-r06-mc03,function,wave_trend,MC,6,10006,20006,1000603,curve,wave_trend,0.0,1,40,121,0.01,0.025066282746310002,2000,2000,2000,0,115.0,0.0575,0.1220275822288685,0.1220275822288685,0.1220275822288685,0.11920640804427086,0.935,0.1453024169895798,ok
function-wave_trend-r06-mc04,function,wave_trend,MC,6,10006,20006,1000604,curve,wave_trend,0.0,1,40,121,0.01,0.025066282746310002,2000,2000,2000,0,129.0,0.0645,0.1185955798800844,0.1185955798800844,0.1185955798800844,0.11485936416041548,0.935,0.13303366699256003,ok
function-wave_trend-r07-gd,function,wave_trend,GD,7,10007,20007,20007,curve,wave_trend,0.0,1,40,121,0.01,0.025066282746310002,2000,2000,2000,2000,,,0.026365675540625924,0.026365675540625924,0.026365675540625924,0.024922385017315824,0.835,0.19066420895978808,ok
function-wave_trend-r07-mc00,function,wave_trend,MC,7,10007,20007,1000700,curve,wave_trend,0.0,1,40,121,0.01,0.025066282746310002,2000,2000,2000,0,163.0,0.0815,0.08453417750218328,0.08453417750218328,0.08453417750218328,0.07885054999371428,0.905,0.12305758288130164,ok
function-wave_trend-r07-mc01,function,wave_trend,MC,7,10007,20007,1000701,curve,wave_trend,0.0,1,40,121,0.01,0.025066282746310002,2000,2000,2000,0,169.0,0.0845,0.08308414509770738,0.08308414509770738,0.08308414509770738,0.07860086282395687,0.905,0.1239472501911223,ok
function-wave_trend-r07-mc02,function,wave_trend,MC,7,10007,20007,1000702,curve,wave_trend,0.0,1,40,121,0.01,0.025066282746310002,2000,2000,2000,0,141.0,0.0705,0.10852788541872538,0.10852788541872538,0.10852788541872538,0.1039254355088977,0.92,0.12139879213646054,ok
function-wave_trend-r07-mc03,function,wave_trend,MC,7,10007,20007,1000703,curve,wave_trend,0.0,1,40,121,0.01,0.025066282746310002,2000,2000,2000,0,127.0,0.0635,0.11352133722121284,0.11352133722121284,0.11352133722121284,0.10992744447941245,0.935,0.12861341703683138,ok
function-wave_trend-r07-mc04,function,wave_trend,MC,7,10007,20007,1000704,curve,wave_trend,0.0,1,40,121,0.01,0.025066282746310002,2000,2000,2000,0,151.0,0.0755,0.0863853222237974,0.0863853222237974,0.0863853222237974,0.08123554809046914,0.91,0.125620957929641,ok
function-wave_trend-r08-gd,function,wave_trend,GD,8,10008,20008,20008,curve,wave_trend,0.0,1,40,121,0.01,0.025066282746310002,2000,2000,2000,2000,,,0.03319460247980466,0.03319460247980466,0.03319460247980466,0.03103884321286865,0.835,0.18780891690403223,ok
function-wave_trend-r08-mc00,function,wave_trend,MC,8,10008,20008,1000800,curve,wave_trend,0.0,1,40,121,0.01,0.025066282746310002,2000,2000,2000,0,152.0,0.076,0.09418601866165732,0.09418601866165732,0.09418601866165732,0.08956392906359258,0.915,0.131719124969095,ok
function-wave_trend-r08-mc01,function,wave_trend,MC,8,10008,20008,1000801,curve,wave_trend,0.0,1,40,121,0.01,0.025066282746310002,2000,2000,2000,0,124.0,0.062,0.11510380211943286,0.11510380211943286,0.11510380211943286,0.11237277584994394,0.935,0.12900245795026422,ok
function-wave_trend-r08-mc02,function,wave_trend,MC,8,10008,20008,1000802,curve,wave_trend,0.0,1,40,121,0.01,0.025066282746310002,2000,2000,2000,0,121.0,0.0605,0.10968046320614494,0.10968046320614494,0.10968046320614494,0.10622694295987568,0.93,0.11618999997153878,ok
function-wave_trend-r08-mc03,function,wave_trend,MC,8,10008,20008,1000803,curve,wave_trend,0.0,1,40,121,0.01,0.025066282746310002,2000,2000,2000,0,134.0,0.067,0.10751014414446944,0.10751014414446944,0.10751014414446944,0.10389059589057689,0.935,0.11382779199630022,ok
function-wave_trend-r08-mc04,function,wave_trend,MC,8,10008,20008,1000804,curve,wave_trend,0.0,1,40,121,0.01,0.025066282746310002,2000,2000,2000,0,109.0,0.0545,0.11924706660372207,0.11924706660372207,0.11924706660372207,0.11723097931682054,0.93,0.10782004101201892,ok
function-wave_trend-r09-gd,function,wave_trend,GD,9,10009,20009,20009,curve,wave_trend,0.0,1,40,121,0.01,0.025066282746310002,2000,2000,2000,2000,,,0.029350190748979058,0.029350190748979058,0.029350190748979058,0.027628855083866276,0.845,0.1843991670757532,ok
function-wave_trend-r09-mc00,function,wave_trend,MC,9,10009,20009,1000900,curve,wave_trend,0.0,1,40,121,0.01,0.025066282746310002,2000,2000,2000,0,127.0,0.0635,0.10322084513331316,0.10322084513331316,0.10322084513331316,0.0994671564776381,0.935,0.10857129096984863,ok
function-wave_trend-r09-mc01,function,wave_trend,MC,9,10009,20009,1000901,curve,wave_trend,0.0,1,40,121,0.01,0.025066282746310002,2000,2000,2000,0,136.0,0.068,0.09822640549103932,0.09822640549103932,0.09822640549103932,0.09405737082600403,0.92,0.11180808395147324,ok
function-wave_trend-r09-mc02,function,wave_trend,MC,9,10009,20009,1000902,curve,wave_trend,0.0,1,40,121,0.01,0.025066282746310002,2000,2000,2000,0,120.0,0.06,0.10775335664517066,0.10775335664517066,0.10775335664517066,0.1050647924658505,0.935,0.1189764579758048,ok
function-wave_trend-r09-mc03,function,wave_trend,MC,9,10009,20009,1000903,curve,wave_trend,0.0,1,40,121,0.01,0.025066282746310002,2000,2000,2000,0,127.0,0.0635,0.10215492370386973,0.10215492370386973,0.10215492370386973,0.09892701934613499,0.925,0.11946641700342298,ok
function-wave_trend-r09-mc04,function,wave_trend,MC,9,10009,20009,1000904,curve,wave_trend,0.0,1,40,121,0.01,0.025066282746310002,2000,2000,2000,0,145.0,0.0725,0.09360371656314853,0.09360371656314853,0.09360371656314853,0.0886281230190926,0.92,0.11597883305512369,ok
function-wave_trend-r10-gd,function,wave_trend,GD,10,10010,20010,20010,curve,wave_trend,0.0,1,40,121,0.01,0.025066282746310002,2000,2000,2000,2000,,,0.027611444392883166,0.027611444392883166,0.027611444392883166,0.026016335001793598,0.825,0.1767047089524567,ok
function-wave_trend-r10-mc00,function,wave_trend,MC,10,10010,20010,1001000,curve,wave_trend,0.0,1,40,121,0.01,0.025066282746310002,2000,2000,2000,0,138.0,0.069,0.09154271085647077,0.09154271085647077,0.09154271085647077,0.0867785993785403,0.915,0.11453024996444583,ok
function-wave_trend-r10-mc01,function,wave_trend,MC,10,10010,20010,1001001,curve,wave_trend,0.0,1,40,121,0.01,0.025066282746310002,2000,2000,2000,0,114.0,0.057,0.1069374134392946,0.1069374134392946,0.1069374134392946,0.10320282262237547,0.915,0.12286966596730053,ok
function-wave_trend-r10-mc02,function,wave_trend,MC,10,10010,20010,1001002,curve,wave_trend,0.0,1,40,121,0.01,0.025066282746310002,2000,2000,2000,0,118.0,0.059,0.11183932534924679,0.11183932534924679,0.11183932534924679,0.10854354815224565,0.935,0.11982804210856557,ok
function-wave_trend-r10-mc03,function,wave_trend,MC,10,10010,20010,1001003,curve,wave_trend,0.0,1,40,121,0.01,0.025066282746310002,2000,2000,2000,0,146.0,0.073,0.09130401075969202,0.09130401075969202,0.09130401075969202,0.08684389697742308,0.915,0.1228919590357691,ok
function-wave_trend-r10-mc04,function,wave_trend,MC,10,10010,20010,1001004,curve,wave_trend,0.0,1,40,121,0.01,0.025066282746310002,2000,2000,2000,0,144.0,0.072,0.09400334058929818,0.09400334058929818,0.09400334058929818,0.08977092036809403,0.915,0.12670133309438825,ok
function-wave_trend-r11-gd,function,wave_trend,GD,11,10011,20011,20011,curve,wave_trend,0.0,1,40,121,0.01,0.025066282746310002,2000,2000,2000,2000,,,0.028381845918295887,0.028381845918295887,0.028381845918295887,0.026784715528077527,0.845,0.17351237498223782,ok
function-wave_trend-r11-mc00,function,wave_trend,MC,11,10011,20011,1001100,curve,wave_trend,0.0,1,40,121,0.01,0.025066282746310002,2000,2000,2000,0,143.0,0.0715,0.08808464669112892,0.08808464669112892,0.08808464669112892,0.08398998603414502,0.92,0.1153963329270482,ok
function-wave_trend-r11-mc01,function,wave_trend,MC,11,10011,20011,1001101,curve,wave_trend,0.0,1,40,121,0.01,0.025066282746310002,2000,2000,2000,0,133.0,0.0665,0.08751947260820678,0.08751947260820678,0.08751947260820678,0.08231836431608812,0.91,0.11334037501364946,ok
function-wave_trend-r11-mc02,function,wave_trend,MC,11,10011,20011,1001102,curve,wave_trend,0.0,1,40,121,0.01,0.025066282746310002,2000,2000,2000,0,134.0,0.067,0.09096209954385513,0.09096209954385513,0.09096209954385513,0.08563297697007936,0.9,0.1088079169858247,ok
function-wave_trend-r11-mc03,function,wave_trend,MC,11,10011,20011,1001103,curve,wave_trend,0.0,1,40,121,0.01,0.025066282746310002,2000,2000,2000,0,153.0,0.0765,0.08238650205196255,0.08238650205196255,0.08238650205196255,0.07839574321640201,0.91,0.10892620892263949,ok
function-wave_trend-r11-mc04,function,wave_trend,MC,11,10011,20011,1001104,curve,wave_trend,0.0,1,40,121,0.01,0.025066282746310002,2000,2000,2000,0,148.0,0.074,0.08159223308046734,0.08159223308046734,0.08159223308046734,0.07794523811342638,0.91,0.11898195813409984,ok
function-bowl-r00-gd,function,bowl,GD,0,10000,20000,20000,surface,bowl,0.0,1,40,161,0.01,0.025066282746310002,2000,2000,2000,2000,,,0.0014210612017914685,0.0014210612017914685,0.0014210612017914685,0.0010660795160531765,0.1744,0.39844391611404717,ok
function-bowl-r00-mc00,function,bowl,MC,0,10000,20000,1000000,surface,bowl,0.0,1,40,161,0.01,0.025066282746310002,2000,2000,2000,0,125.0,0.0625,0.010022045598450408,0.010022045598450408,0.010022045598450408,0.00736312852734786,0.4288,0.23943924997001886,ok
function-bowl-r00-mc01,function,bowl,MC,0,10000,20000,1000001,surface,bowl,0.0,1,40,161,0.01,0.025066282746310002,2000,2000,2000,0,129.0,0.0645,0.003111470093530057,0.003111470093530057,0.003111470093530057,0.0024821495005790052,0.3504,0.2324858750216663,ok
function-bowl-r00-mc02,function,bowl,MC,0,10000,20000,1000002,surface,bowl,0.0,1,40,161,0.01,0.025066282746310002,2000,2000,2000,0,133.0,0.0665,0.0036160645244881634,0.0036160645244881634,0.0036160645244881634,0.0025702463047100276,0.3104,0.24605012498795986,ok
function-bowl-r00-mc03,function,bowl,MC,0,10000,20000,1000003,surface,bowl,0.0,1,40,161,0.01,0.025066282746310002,2000,2000,2000,0,136.0,0.068,0.005395963403865512,0.005395963403865512,0.005395963403865512,0.003839532627676011,0.3936,0.23935312498360872,ok
function-bowl-r00-mc04,function,bowl,MC,0,10000,20000,1000004,surface,bowl,0.0,1,40,161,0.01,0.025066282746310002,2000,2000,2000,0,139.0,0.0695,0.00428844701820767,0.00428844701820767,0.00428844701820767,0.003281798549037108,0.4,0.24953070911578834,ok
function-bowl-r01-gd,function,bowl,GD,1,10001,20001,20001,surface,bowl,0.0,1,40,161,0.01,0.025066282746310002,2000,2000,2000,2000,,,0.0016674868481734834,0.0016674868481734834,0.0016674868481734834,0.0015028008701976358,0.2384,0.4288055840879679,ok
function-bowl-r01-mc00,function,bowl,MC,1,10001,20001,1000100,surface,bowl,0.0,1,40,161,0.01,0.025066282746310002,2000,2000,2000,0,137.0,0.0685,0.004463960962437815,0.004463960962437815,0.004463960962437815,0.0035784414555081845,0.4736,0.2606653328984976,ok
function-bowl-r01-mc01,function,bowl,MC,1,10001,20001,1000101,surface,bowl,0.0,1,40,161,0.01,0.025066282746310002,2000,2000,2000,0,127.0,0.0635,0.005274230552997945,0.005274230552997945,0.005274230552997945,0.0034321760460397904,0.2496,0.25104329199530184,ok
function-bowl-r01-mc02,function,bowl,MC,1,10001,20001,1000102,surface,bowl,0.0,1,40,161,0.01,0.025066282746310002,2000,2000,2000,0,136.0,0.068,0.005134650107048508,0.005134650107048508,0.005134650107048508,0.003777930211792373,0.4576,0.2587547078728676,ok
function-bowl-r01-mc03,function,bowl,MC,1,10001,20001,1000103,surface,bowl,0.0,1,40,161,0.01,0.025066282746310002,2000,2000,2000,0,132.0,0.066,0.0036531561534405574,0.0036531561534405574,0.0036531561534405574,0.0027729608308433096,0.392,0.2762154168449342,ok
function-bowl-r01-mc04,function,bowl,MC,1,10001,20001,1000104,surface,bowl,0.0,1,40,161,0.01,0.025066282746310002,2000,2000,2000,0,118.0,0.059,0.008078588447043861,0.008078588447043861,0.008078588447043861,0.005934701891701289,0.4912,0.26431433390825987,ok
function-bowl-r02-gd,function,bowl,GD,2,10002,20002,20002,surface,bowl,0.0,1,40,161,0.01,0.025066282746310002,2000,2000,2000,2000,,,0.0019138637432778295,0.0019138637432778295,0.0019138637432778295,0.0017164626194455805,0.2752,0.46850895788520575,ok
function-bowl-r02-mc00,function,bowl,MC,2,10002,20002,1000200,surface,bowl,0.0,1,40,161,0.01,0.025066282746310002,2000,2000,2000,0,128.0,0.064,0.006108423231360152,0.006108423231360152,0.006108423231360152,0.004463170748508595,0.3872,0.26714424998499453,ok
function-bowl-r02-mc01,function,bowl,MC,2,10002,20002,1000201,surface,bowl,0.0,1,40,161,0.01,0.025066282746310002,2000,2000,2000,0,130.0,0.065,0.005714519113522486,0.005714519113522486,0.005714519113522486,0.004771595208786338,0.5024,0.26262900000438094,ok
function-bowl-r02-mc02,function,bowl,MC,2,10002,20002,1000202,surface,bowl,0.0,1,40,161,0.01,0.025066282746310002,2000,2000,2000,0,125.0,0.0625,0.005952942251587585,0.005952942251587585,0.005952942251587585,0.004218820276998171,0.4336,0.26697354088537395,ok
function-bowl-r02-mc03,function,bowl,MC,2,10002,20002,1000203,surface,bowl,0.0,1,40,161,0.01,0.025066282746310002,2000,2000,2000,0,131.0,0.0655,0.021097421663244197,0.021097421663244197,0.021097421663244197,0.016581999106074136,0.7744,0.24635158409364522,ok
function-bowl-r02-mc04,function,bowl,MC,2,10002,20002,1000204,surface,bowl,0.0,1,40,161,0.01,0.025066282746310002,2000,2000,2000,0,127.0,0.0635,0.006424111350138196,0.006424111350138196,0.006424111350138196,0.004448223873985611,0.4384,0.2548045408912003,ok
function-bowl-r03-gd,function,bowl,GD,3,10003,20003,20003,surface,bowl,0.0,1,40,161,0.01,0.025066282746310002,2000,2000,2000,2000,,,0.001581576620952106,0.001581576620952106,0.001581576620952106,0.0011764128056670116,0.2016,0.43698320793919265,ok
function-bowl-r03-mc00,function,bowl,MC,3,10003,20003,1000300,surface,bowl,0.0,1,40,161,0.01,0.025066282746310002,2000,2000,2000,0,152.0,0.076,0.004953992710275857,0.004953992710275857,0.004953992710275857,0.004152985509952694,0.4944,0.25990525004453957,ok
function-bowl-r03-mc01,function,bowl,MC,3,10003,20003,1000301,surface,bowl,0.0,1,40,161,0.01,0.025066282746310002,2000,2000,2000,0,143.0,0.0715,0.005182355101228344,0.005182355101228344,0.005182355101228344,0.0038030508334134247,0.4128,0.32157541695050895,ok
function-bowl-r03-mc02,function,bowl,MC,3,10003,20003,1000302,surface,bowl,0.0,1,40,161,0.01,0.025066282746310002,2000,2000,2000,0,147.0,0.0735,0.003465903266979586,0.003465903266979586,0.003465903266979586,0.0030908487487443853,0.4064,0.27792825014330447,ok
function-bowl-r03-mc03,function,bowl,MC,3,10003,20003,1000303,surface,bowl,0.0,1,40,161,0.01,0.025066282746310002,2000,2000,2000,0,141.0,0.0705,0.004103307725264199,0.004103307725264199,0.004103307725264199,0.003053096817510348,0.368,0.26115354197099805,ok
function-bowl-r03-mc04,function,bowl,MC,3,10003,20003,1000304,surface,bowl,0.0,1,40,161,0.01,0.025066282746310002,2000,2000,2000,0,139.0,0.0695,0.004676912076993688,0.004676912076993688,0.004676912076993688,0.0034979860616047207,0.4112,0.25853591691702604,ok
function-bowl-r04-gd,function,bowl,GD,4,10004,20004,20004,surface,bowl,0.0,1,40,161,0.01,0.025066282746310002,2000,2000,2000,2000,,,0.0019197994780868796,0.0019197994780868796,0.0019197994780868796,0.001715673263511589,0.2848,0.45406220806762576,ok
function-bowl-r04-mc00,function,bowl,MC,4,10004,20004,1000400,surface,bowl,0.0,1,40,161,0.01,0.025066282746310002,2000,2000,2000,0,152.0,0.076,0.004601974744111115,0.004601974744111115,0.004601974744111115,0.0038499669857095025,0.4192,0.274914916139096,ok
function-bowl-r04-mc01,function,bowl,MC,4,10004,20004,1000401,surface,bowl,0.0,1,40,161,0.01,0.025066282746310002,2000,2000,2000,0,156.0,0.078,0.0066900807796763445,0.0066900807796763445,0.0066900807796763445,0.004681728205344044,0.3904,0.2582034580409527,ok
function-bowl-r04-mc02,function,bowl,MC,4,10004,20004,1000402,surface,bowl,0.0,1,40,161,0.01,0.025066282746310002,2000,2000,2000,0,138.0,0.069,0.004313199222738667,0.004313199222738667,0.004313199222738667,0.0033247302847986544,0.4272,0.2539999580476433,ok
function-bowl-r04-mc03,function,bowl,MC,4,10004,20004,1000403,surface,bowl,0.0,1,40,161,0.01,0.025066282746310002,2000,2000,2000,0,139.0,0.0695,0.017986536345159194,0.017986536345159194,0.017986536345159194,0.014217475693807949,0.7488,0.2672877919394523,ok
function-bowl-r04-mc04,function,bowl,MC,4,10004,20004,1000404,surface,bowl,0.0,1,40,161,0.01,0.025066282746310002,2000,2000,2000,0,128.0,0.064,0.008939934561806178,0.008939934561806178,0.008939934561806178,0.006639619420705161,0.56,0.28090766607783735,ok
function-bowl-r05-gd,function,bowl,GD,5,10005,20005,20005,surface,bowl,0.0,1,40,161,0.01,0.025066282746310002,2000,2000,2000,2000,,,0.0016572518733741764,0.0016572518733741764,0.0016572518733741764,0.0012325808128098264,0.2,0.4622700419276953,ok
function-bowl-r05-mc00,function,bowl,MC,5,10005,20005,1000500,surface,bowl,0.0,1,40,161,0.01,0.025066282746310002,2000,2000,2000,0,139.0,0.0695,0.00570091065567697,0.00570091065567697,0.00570091065567697,0.004490960081729133,0.5312,0.28136533382348716,ok
function-bowl-r05-mc01,function,bowl,MC,5,10005,20005,1000501,surface,bowl,0.0,1,40,161,0.01,0.025066282746310002,2000,2000,2000,0,142.0,0.071,0.007837569255103876,0.007837569255103876,0.007837569255103876,0.005900852507576807,0.5328,0.26384870894253254,ok
function-bowl-r05-mc02,function,bowl,MC,5,10005,20005,1000502,surface,bowl,0.0,1,40,161,0.01,0.025066282746310002,2000,2000,2000,0,136.0,0.068,0.004487537468885555,0.004487537468885555,0.004487537468885555,0.00388722529985481,0.5088,0.2558744999114424,ok
function-bowl-r05-mc03,function,bowl,MC,5,10005,20005,1000503,surface,bowl,0.0,1,40,161,0.01,0.025066282746310002,2000,2000,2000,0,135.0,0.0675,0.0064806280522118525,0.0064806280522118525,0.0064806280522118525,0.00451505992059171,0.3392,0.272538541816175,ok
function-bowl-r05-mc04,function,bowl,MC,5,10005,20005,1000504,surface,bowl,0.0,1,40,161,0.01,0.025066282746310002,2000,2000,2000,0,139.0,0.0695,0.00528714945641794,0.00528714945641794,0.00528714945641794,0.003718840312456106,0.328,0.2663513340521604,ok
function-bowl-r06-gd,function,bowl,GD,6,10006,20006,20006,surface,bowl,0.0,1,40,161,0.01,0.025066282746310002,2000,2000,2000,2000,,,0.0013768924259106889,0.0013768924259106889,0.0013768924259106889,0.0012070274705518918,0.1552,0.454409833997488,ok
function-bowl-r06-mc00,function,bowl,MC,6,10006,20006,1000600,surface,bowl,0.0,1,40,161,0.01,0.025066282746310002,2000,2000,2000,0,143.0,0.0715,0.006084772954403758,0.006084772954403758,0.006084772954403758,0.005025873118277983,0.5424,0.26067454111762345,ok
function-bowl-r06-mc01,function,bowl,MC,6,10006,20006,1000601,surface,bowl,0.0,1,40,161,0.01,0.025066282746310002,2000,2000,2000,0,131.0,0.0655,0.006143754236946041,0.006143754236946041,0.006143754236946041,0.004601514249380649,0.4576,0.24086770811118186,ok
function-bowl-r06-mc02,function,bowl,MC,6,10006,20006,1000602,surface,bowl,0.0,1,40,161,0.01,0.025066282746310002,2000,2000,2000,0,148.0,0.074,0.009691839708131159,0.009691839708131159,0.009691839708131159,0.00703742655018319,0.5264,0.23786262492649257,ok
function-bowl-r06-mc03,function,bowl,MC,6,10006,20006,1000603,surface,bowl,0.0,1,40,161,0.01,0.025066282746310002,2000,2000,2000,0,145.0,0.0725,0.003728425645511458,0.003728425645511458,0.003728425645511458,0.0025653255308093668,0.2752,0.2557889169547707,ok
function-bowl-r06-mc04,function,bowl,MC,6,10006,20006,1000604,surface,bowl,0.0,1,40,161,0.01,0.025066282746310002,2000,2000,2000,0,135.0,0.0675,0.004108659699155065,0.004108659699155065,0.004108659699155065,0.003028825043198108,0.376,0.2397246251348406,ok
function-bowl-r07-gd,function,bowl,GD,7,10007,20007,20007,surface,bowl,0.0,1,40,161,0.01,0.025066282746310002,2000,2000,2000,2000,,,0.0014373554227296967,0.0014373554227296967,0.0014373554227296967,0.0012948002917002924,0.1872,0.44394266698509455,ok
function-bowl-r07-mc00,function,bowl,MC,7,10007,20007,1000700,surface,bowl,0.0,1,40,161,0.01,0.025066282746310002,2000,2000,2000,0,129.0,0.0645,0.0034111342277916385,0.0034111342277916385,0.0034111342277916385,0.0026831368771762817,0.3504,0.25940454099327326,ok
function-bowl-r07-mc01,function,bowl,MC,7,10007,20007,1000701,surface,bowl,0.0,1,40,161,0.01,0.025066282746310002,2000,2000,2000,0,126.0,0.063,0.006017638843894837,0.006017638843894837,0.006017638843894837,0.004787333224643389,0.5216,0.26822649990208447,ok
function-bowl-r07-mc02,function,bowl,MC,7,10007,20007,1000702,surface,bowl,0.0,1,40,161,0.01,0.025066282746310002,2000,2000,2000,0,143.0,0.0715,0.007170086659295537,0.007170086659295537,0.007170086659295537,0.005285913449832107,0.5056,0.2718589580617845,ok
function-bowl-r07-mc03,function,bowl,MC,7,10007,20007,1000703,surface,bowl,0.0,1,40,161,0.01,0.025066282746310002,2000,2000,2000,0,134.0,0.067,0.004599586702285267,0.004599586702285267,0.004599586702285267,0.0035638010146170056,0.4464,0.2658359999768436,ok
function-bowl-r07-mc04,function,bowl,MC,7,10007,20007,1000704,surface,bowl,0.0,1,40,161,0.01,0.025066282746310002,2000,2000,2000,0,139.0,0.0695,0.00616911363893123,0.00616911363893123,0.00616911363893123,0.00473743648469864,0.4304,0.2569082078989595,ok
function-bowl-r08-gd,function,bowl,GD,8,10008,20008,20008,surface,bowl,0.0,1,40,161,0.01,0.025066282746310002,2000,2000,2000,2000,,,0.0020796837707369002,0.0020796837707369002,0.0020796837707369002,0.0015596283151351306,0.28,0.45287370891310275,ok
function-bowl-r08-mc00,function,bowl,MC,8,10008,20008,1000800,surface,bowl,0.0,1,40,161,0.01,0.025066282746310002,2000,2000,2000,0,139.0,0.0695,0.003592213734212156,0.003592213734212156,0.003592213734212156,0.002366113231832519,0.2944,0.2600176250562072,ok
function-bowl-r08-mc01,function,bowl,MC,8,10008,20008,1000801,surface,bowl,0.0,1,40,161,0.01,0.025066282746310002,2000,2000,2000,0,135.0,0.0675,0.004922723226051783,0.004922723226051783,0.004922723226051783,0.0037877963148417464,0.472,0.26377237518318,ok
function-bowl-r08-mc02,function,bowl,MC,8,10008,20008,1000802,surface,bowl,0.0,1,40,161,0.01,0.025066282746310002,2000,2000,2000,0,143.0,0.0715,0.0032480385477159997,0.0032480385477159997,0.0032480385477159997,0.002302953272749097,0.3344,0.26246133306995034,ok
function-bowl-r08-mc03,function,bowl,MC,8,10008,20008,1000803,surface,bowl,0.0,1,40,161,0.01,0.025066282746310002,2000,2000,2000,0,135.0,0.0675,0.006438409718352858,0.006438409718352858,0.006438409718352858,0.004717431133316287,0.4624,0.25051966588944197,ok
function-bowl-r08-mc04,function,bowl,MC,8,10008,20008,1000804,surface,bowl,0.0,1,40,161,0.01,0.025066282746310002,2000,2000,2000,0,117.0,0.0585,0.003993397311646946,0.003993397311646946,0.003993397311646946,0.002988349713271952,0.3376,0.26200170814991,ok
function-bowl-r09-gd,function,bowl,GD,9,10009,20009,20009,surface,bowl,0.0,1,40,161,0.01,0.025066282746310002,2000,2000,2000,2000,,,0.0020685342708028367,0.0020685342708028367,0.0020685342708028367,0.0015545843417277617,0.28,0.4481450829189271,ok
function-bowl-r09-mc00,function,bowl,MC,9,10009,20009,1000900,surface,bowl,0.0,1,40,161,0.01,0.025066282746310002,2000,2000,2000,0,141.0,0.0705,0.004991415088044269,0.004991415088044269,0.004991415088044269,0.003745734490478846,0.4,0.2549082499463111,ok
function-bowl-r09-mc01,function,bowl,MC,9,10009,20009,1000901,surface,bowl,0.0,1,40,161,0.01,0.025066282746310002,2000,2000,2000,0,136.0,0.068,0.003523435316933199,0.003523435316933199,0.003523435316933199,0.0028492918613220127,0.3952,0.27383229206316173,ok
function-bowl-r09-mc02,function,bowl,MC,9,10009,20009,1000902,surface,bowl,0.0,1,40,161,0.01,0.025066282746310002,2000,2000,2000,0,143.0,0.0715,0.006727867342877031,0.006727867342877031,0.006727867342877031,0.004822399899004747,0.4496,0.2689624160993844,ok
function-bowl-r09-mc03,function,bowl,MC,9,10009,20009,1000903,surface,bowl,0.0,1,40,161,0.01,0.025066282746310002,2000,2000,2000,0,144.0,0.072,0.004985366721026222,0.004985366721026222,0.004985366721026222,0.003877435194573627,0.4704,0.2625992919784039,ok
function-bowl-r09-mc04,function,bowl,MC,9,10009,20009,1000904,surface,bowl,0.0,1,40,161,0.01,0.025066282746310002,2000,2000,2000,0,148.0,0.074,0.0046992065036938705,0.0046992065036938705,0.0046992065036938705,0.0033313574650361785,0.4016,0.2797113338019699,ok
function-bowl-r10-gd,function,bowl,GD,10,10010,20010,20010,surface,bowl,0.0,1,40,161,0.01,0.025066282746310002,2000,2000,2000,2000,,,0.0018484098263438008,0.0018484098263438008,0.0018484098263438008,0.0013777839575606894,0.2288,0.47366691706702113,ok
function-bowl-r10-mc00,function,bowl,MC,10,10010,20010,1001000,surface,bowl,0.0,1,40,161,0.01,0.025066282746310002,2000,2000,2000,0,117.0,0.0585,0.006427584233923099,0.006427584233923099,0.006427584233923099,0.004735769848313255,0.4208,0.2755330412182957,ok
function-bowl-r10-mc01,function,bowl,MC,10,10010,20010,1001001,surface,bowl,0.0,1,40,161,0.01,0.025066282746310002,2000,2000,2000,0,135.0,0.0675,0.003395931603913158,0.003395931603913158,0.003395931603913158,0.002347578439400648,0.248,0.25892620789818466,ok
function-bowl-r10-mc02,function,bowl,MC,10,10010,20010,1001002,surface,bowl,0.0,1,40,161,0.01,0.025066282746310002,2000,2000,2000,0,128.0,0.064,0.0035061646076593143,0.0035061646076593143,0.0035061646076593143,0.002914935221345379,0.456,0.2591289170086384,ok
function-bowl-r10-mc03,function,bowl,MC,10,10010,20010,1001003,surface,bowl,0.0,1,40,161,0.01,0.025066282746310002,2000,2000,2000,0,130.0,0.065,0.004654062989977546,0.004654062989977546,0.004654062989977546,0.0037324154166402798,0.4224,0.26016845903359354,ok
function-bowl-r10-mc04,function,bowl,MC,10,10010,20010,1001004,surface,bowl,0.0,1,40,161,0.01,0.025066282746310002,2000,2000,2000,0,150.0,0.075,0.007022734950960782,0.007022734950960782,0.007022734950960782,0.005020968583583909,0.512,0.25332487490959466,ok
function-bowl-r11-gd,function,bowl,GD,11,10011,20011,20011,surface,bowl,0.0,1,40,161,0.01,0.025066282746310002,2000,2000,2000,2000,,,0.0015251262380529599,0.0015251262380529599,0.0015251262380529599,0.0011337843820048857,0.2,0.47935416689142585,ok
function-bowl-r11-mc00,function,bowl,MC,11,10011,20011,1001100,surface,bowl,0.0,1,40,161,0.01,0.025066282746310002,2000,2000,2000,0,145.0,0.0725,0.004564705124225331,0.004564705124225331,0.004564705124225331,0.00351015480363445,0.4352,0.25752129196189344,ok
function-bowl-r11-mc01,function,bowl,MC,11,10011,20011,1001101,surface,bowl,0.0,1,40,161,0.01,0.025066282746310002,2000,2000,2000,0,130.0,0.065,0.005618134285540738,0.005618134285540738,0.005618134285540738,0.003981437003025086,0.3616,0.2648449158295989,ok
function-bowl-r11-mc02,function,bowl,MC,11,10011,20011,1001102,surface,bowl,0.0,1,40,161,0.01,0.025066282746310002,2000,2000,2000,0,138.0,0.069,0.005063947210531524,0.005063947210531524,0.005063947210531524,0.004054645776144286,0.4256,0.27747166715562344,ok
function-bowl-r11-mc03,function,bowl,MC,11,10011,20011,1001103,surface,bowl,0.0,1,40,161,0.01,0.025066282746310002,2000,2000,2000,0,132.0,0.066,0.006471218803275892,0.006471218803275892,0.006471218803275892,0.00535906547770588,0.5376,0.2730888749938458,ok
function-bowl-r11-mc04,function,bowl,MC,11,10011,20011,1001104,surface,bowl,0.0,1,40,161,0.01,0.025066282746310002,2000,2000,2000,0,132.0,0.066,0.0029814187767470473,0.0029814187767470473,0.0029814187767470473,0.0023988559939673026,0.3552,0.26670516608282924,ok
function-mixed_surface-r00-gd,function,mixed_surface,GD,0,10000,20000,20000,surface,mixed_surface,0.0,1,40,161,0.01,0.025066282746310002,2000,2000,2000,2000,,,0.11461638160833518,0.11461638160833518,0.11461638160833518,0.10552815372678849,0.8832,0.45189754106104374,ok
function-mixed_surface-r00-mc00,function,mixed_surface,MC,0,10000,20000,1000000,surface,mixed_surface,0.0,1,40,161,0.01,0.025066282746310002,2000,2000,2000,0,70.0,0.035,0.162891907159837,0.162891907159837,0.162891907159837,0.16502778196691242,0.9152,0.2785056671127677,ok
function-mixed_surface-r00-mc01,function,mixed_surface,MC,0,10000,20000,1000001,surface,mixed_surface,0.0,1,40,161,0.01,0.025066282746310002,2000,2000,2000,0,71.0,0.0355,0.1629429174074272,0.1629429174074272,0.1629429174074272,0.16464857369001662,0.904,0.2701209168881178,ok
function-mixed_surface-r00-mc02,function,mixed_surface,MC,0,10000,20000,1000002,surface,mixed_surface,0.0,1,40,161,0.01,0.025066282746310002,2000,2000,2000,0,85.0,0.0425,0.159614643553784,0.159614643553784,0.159614643553784,0.160024735569887,0.8992,0.27354116598144174,ok
function-mixed_surface-r00-mc03,function,mixed_surface,MC,0,10000,20000,1000003,surface,mixed_surface,0.0,1,40,161,0.01,0.025066282746310002,2000,2000,2000,0,59.0,0.0295,0.16456397634477704,0.16456397634477704,0.16456397634477704,0.16509558742620817,0.8992,0.2578989590983838,ok
function-mixed_surface-r00-mc04,function,mixed_surface,MC,0,10000,20000,1000004,surface,mixed_surface,0.0,1,40,161,0.01,0.025066282746310002,2000,2000,2000,0,75.0,0.0375,0.16251580291742035,0.16251580291742035,0.16251580291742035,0.16362284346738049,0.9056,0.2592909170780331,ok
function-mixed_surface-r01-gd,function,mixed_surface,GD,1,10001,20001,20001,surface,mixed_surface,0.0,1,40,161,0.01,0.025066282746310002,2000,2000,2000,2000,,,0.10699887218179051,0.10699887218179051,0.10699887218179051,0.09848191361828082,0.8832,0.4701179580297321,ok
function-mixed_surface-r01-mc00,function,mixed_surface,MC,1,10001,20001,1000100,surface,mixed_surface,0.0,1,40,161,0.01,0.025066282746310002,2000,2000,2000,0,51.0,0.0255,0.1621904593664683,0.1621904593664683,0.1621904593664683,0.16331771957533306,0.9104,0.28001387510448694,ok
function-mixed_surface-r01-mc01,function,mixed_surface,MC,1,10001,20001,1000101,surface,mixed_surface,0.0,1,40,161,0.01,0.025066282746310002,2000,2000,2000,0,46.0,0.023,0.16507816153028407,0.16507816153028407,0.16507816153028407,0.16719144501536215,0.8976,0.28481195820495486,ok
function-mixed_surface-r01-mc02,function,mixed_surface,MC,1,10001,20001,1000102,surface,mixed_surface,0.0,1,40,161,0.01,0.025066282746310002,2000,2000,2000,0,56.0,0.028,0.16378527160051254,0.16378527160051254,0.16378527160051254,0.16539636879404124,0.9088,0.2813554590102285,ok
function-mixed_surface-r01-mc03,function,mixed_surface,MC,1,10001,20001,1000103,surface,mixed_surface,0.0,1,40,161,0.01,0.025066282746310002,2000,2000,2000,0,56.0,0.028,0.16397051345624178,0.16397051345624178,0.16397051345624178,0.16658794465499394,0.9072,0.2639071249868721,ok
function-mixed_surface-r01-mc04,function,mixed_surface,MC,1,10001,20001,1000104,surface,mixed_surface,0.0,1,40,161,0.01,0.025066282746310002,2000,2000,2000,0,59.0,0.0295,0.16398963475680225,0.16398963475680225,0.16398963475680225,0.1647688413056882,0.8928,0.2478968750219792,ok
function-mixed_surface-r02-gd,function,mixed_surface,GD,2,10002,20002,20002,surface,mixed_surface,0.0,1,40,161,0.01,0.025066282746310002,2000,2000,2000,2000,,,0.13678041762659107,0.13678041762659107,0.13678041762659107,0.12895074020861416,0.8832,0.4636599160730839,ok
function-mixed_surface-r02-mc00,function,mixed_surface,MC,2,10002,20002,1000200,surface,mixed_surface,0.0,1,40,161,0.01,0.025066282746310002,2000,2000,2000,0,52.0,0.026,0.1650958801078094,0.1650958801078094,0.1650958801078094,0.16639783158478236,0.9072,0.24766679084859788,ok
function-mixed_surface-r02-mc01,function,mixed_surface,MC,2,10002,20002,1000201,surface,mixed_surface,0.0,1,40,161,0.01,0.025066282746310002,2000,2000,2000,0,62.0,0.031,0.16401464193864695,0.16401464193864695,0.16401464193864695,0.1665289828654807,0.9056,0.25143174990080297,ok
function-mixed_surface-r02-mc02,function,mixed_surface,MC,2,10002,20002,1000202,surface,mixed_surface,0.0,1,40,161,0.01,0.025066282746310002,2000,2000,2000,0,74.0,0.037,0.1599282719717693,0.1599282719717693,0.1599282719717693,0.15975061270799915,0.9088,0.26458850014023483,ok
function-mixed_surface-r02-mc03,function,mixed_surface,MC,2,10002,20002,1000203,surface,mixed_surface,0.0,1,40,161,0.01,0.025066282746310002,2000,2000,2000,0,62.0,0.031,0.16567048464617581,0.16567048464617581,0.16567048464617581,0.16633830248738748,0.9024,0.2516161659732461,ok
function-mixed_surface-r02-mc04,function,mixed_surface,MC,2,10002,20002,1000204,surface,mixed_surface,0.0,1,40,161,0.01,0.025066282746310002,2000,2000,2000,0,62.0,0.031,0.1643194790068915,0.1643194790068915,0.1643194790068915,0.16534664868776247,0.9024,0.24689991702325642,ok
function-mixed_surface-r03-gd,function,mixed_surface,GD,3,10003,20003,20003,surface,mixed_surface,0.0,1,40,161,0.01,0.025066282746310002,2000,2000,2000,2000,,,0.11239223474868172,0.11239223474868172,0.11239223474868172,0.10369221629755464,0.8864,0.4274647501297295,ok
function-mixed_surface-r03-mc00,function,mixed_surface,MC,3,10003,20003,1000300,surface,mixed_surface,0.0,1,40,161,0.01,0.025066282746310002,2000,2000,2000,0,66.0,0.033,0.1654964231907672,0.1654964231907672,0.1654964231907672,0.16708281006893155,0.912,0.2511516669765115,ok
function-mixed_surface-r03-mc01,function,mixed_surface,MC,3,10003,20003,1000301,surface,mixed_surface,0.0,1,40,161,0.01,0.025066282746310002,2000,2000,2000,0,83.0,0.0415,0.16421212146442613,0.16421212146442613,0.16421212146442613,0.1658207640877837,0.8992,0.25731145800091326,ok
function-mixed_surface-r03-mc02,function,mixed_surface,MC,3,10003,20003,1000302,surface,mixed_surface,0.0,1,40,161,0.01,0.025066282746310002,2000,2000,2000,0,62.0,0.031,0.16315852778443557,0.16315852778443557,0.16315852778443557,0.1644107580550191,0.9008,0.2701370420400053,ok
function-mixed_surface-r03-mc03,function,mixed_surface,MC,3,10003,20003,1000303,surface,mixed_surface,0.0,1,40,161,0.01,0.025066282746310002,2000,2000,2000,0,73.0,0.0365,0.1611876608509829,0.1611876608509829,0.1611876608509829,0.16151070953705096,0.9024,0.2542427498847246,ok
function-mixed_surface-r03-mc04,function,mixed_surface,MC,3,10003,20003,1000304,surface,mixed_surface,0.0,1,40,161,0.01,0.025066282746310002,2000,2000,2000,0,65.0,0.0325,0.16415005741393954,0.16415005741393954,0.16415005741393954,0.1647847507857434,0.8928,0.25480995792895555,ok
function-mixed_surface-r04-gd,function,mixed_surface,GD,4,10004,20004,20004,surface,mixed_surface,0.0,1,40,161,0.01,0.025066282746310002,2000,2000,2000,2000,,,0.09885898839364242,0.09885898839364242,0.09885898839364242,0.0920839741335756,0.8864,0.4629711250308901,ok
function-mixed_surface-r04-mc00,function,mixed_surface,MC,4,10004,20004,1000400,surface,mixed_surface,0.0,1,40,161,0.01,0.025066282746310002,2000,2000,2000,0,64.0,0.032,0.16393627332483549,0.16393627332483549,0.16393627332483549,0.1656401310049268,0.896,0.24594291695393622,ok
function-mixed_surface-r04-mc01,function,mixed_surface,MC,4,10004,20004,1000401,surface,mixed_surface,0.0,1,40,161,0.01,0.025066282746310002,2000,2000,2000,0,62.0,0.031,0.1654449438591541,0.1654449438591541,0.1654449438591541,0.16613217574108172,0.904,0.27251249994151294,ok
function-mixed_surface-r04-mc02,function,mixed_surface,MC,4,10004,20004,1000402,surface,mixed_surface,0.0,1,40,161,0.01,0.025066282746310002,2000,2000,2000,0,50.0,0.025,0.1652809240687717,0.1652809240687717,0.1652809240687717,0.1658881446580113,0.9056,0.25841995794326067,ok
function-mixed_surface-r04-mc03,function,mixed_surface,MC,4,10004,20004,1000403,surface,mixed_surface,0.0,1,40,161,0.01,0.025066282746310002,2000,2000,2000,0,71.0,0.0355,0.16305188661247763,0.16305188661247763,0.16305188661247763,0.1643717725613528,0.904,0.28412654204294086,ok
function-mixed_surface-r04-mc04,function,mixed_surface,MC,4,10004,20004,1000404,surface,mixed_surface,0.0,1,40,161,0.01,0.025066282746310002,2000,2000,2000,0,58.0,0.029,0.16416135866629616,0.16416135866629616,0.16416135866629616,0.16543165851548028,0.9056,0.2521589999087155,ok
function-mixed_surface-r05-gd,function,mixed_surface,GD,5,10005,20005,20005,surface,mixed_surface,0.0,1,40,161,0.01,0.025066282746310002,2000,2000,2000,2000,,,0.08623511272718784,0.08623511272718784,0.08623511272718784,0.0815065512154758,0.8896,0.4619942088611424,ok
function-mixed_surface-r05-mc00,function,mixed_surface,MC,5,10005,20005,1000500,surface,mixed_surface,0.0,1,40,161,0.01,0.025066282746310002,2000,2000,2000,0,52.0,0.026,0.1623848461128537,0.1623848461128537,0.1623848461128537,0.16384276195618014,0.9024,0.2702136661391705,ok
function-mixed_surface-r05-mc01,function,mixed_surface,MC,5,10005,20005,1000501,surface,mixed_surface,0.0,1,40,161,0.01,0.025066282746310002,2000,2000,2000,0,56.0,0.028,0.16343529419028852,0.16343529419028852,0.16343529419028852,0.1652095112825389,0.904,0.25927070807665586,ok
function-mixed_surface-r05-mc02,function,mixed_surface,MC,5,10005,20005,1000502,surface,mixed_surface,0.0,1,40,161,0.01,0.025066282746310002,2000,2000,2000,0,57.0,0.0285,0.16496249259302626,0.16496249259302626,0.16496249259302626,0.16521923257759333,0.9024,0.2701203338801861,ok
function-mixed_surface-r05-mc03,function,mixed_surface,MC,5,10005,20005,1000503,surface,mixed_surface,0.0,1,40,161,0.01,0.025066282746310002,2000,2000,2000,0,68.0,0.034,0.15509196744717432,0.15509196744717432,0.15509196744717432,0.15255810319541788,0.8832,0.258224125020206,ok
function-mixed_surface-r05-mc04,function,mixed_surface,MC,5,10005,20005,1000504,surface,mixed_surface,0.0,1,40,161,0.01,0.025066282746310002,2000,2000,2000,0,77.0,0.0385,0.16098362864202834,0.16098362864202834,0.16098362864202834,0.1623303007540463,0.8992,0.2775421659462154,ok
function-mixed_surface-r06-gd,function,mixed_surface,GD,6,10006,20006,20006,surface,mixed_surface,0.0,1,40,161,0.01,0.025066282746310002,2000,2000,2000,2000,,,0.10569556371008303,0.10569556371008303,0.10569556371008303,0.09732534627663426,0.8816,0.4360883750487119,ok
function-mixed_surface-r06-mc00,function,mixed_surface,MC,6,10006,20006,1000600,surface,mixed_surface,0.0,1,40,161,0.01,0.025066282746310002,2000,2000,2000,0,52.0,0.026,0.1660556784362715,0.1660556784362715,0.1660556784362715,0.16648010424840898,0.912,0.2665728749707341,ok
function-mixed_surface-r06-mc01,function,mixed_surface,MC,6,10006,20006,1000601,surface,mixed_surface,0.0,1,40,161,0.01,0.025066282746310002,2000,2000,2000,0,71.0,0.0355,0.16133373976678633,0.16133373976678633,0.16133373976678633,0.16242086409614187,0.9024,0.2744044999126345,ok
function-mixed_surface-r06-mc02,function,mixed_surface,MC,6,10006,20006,1000602,surface,mixed_surface,0.0,1,40,161,0.01,0.025066282746310002,2000,2000,2000,0,57.0,0.0285,0.16352896482635088,0.16352896482635088,0.16352896482635088,0.16455408165700705,0.9072,0.2688468329142779,ok
function-mixed_surface-r06-mc03,function,mixed_surface,MC,6,10006,20006,1000603,surface,mixed_surface,0.0,1,40,161,0.01,0.025066282746310002,2000,2000,2000,0,65.0,0.0325,0.16300181366395003,0.16300181366395003,0.16300181366395003,0.16437732770629437,0.9088,0.27491837507113814,ok
function-mixed_surface-r06-mc04,function,mixed_surface,MC,6,10006,20006,1000604,surface,mixed_surface,0.0,1,40,161,0.01,0.025066282746310002,2000,2000,2000,0,58.0,0.029,0.16340963294392963,0.16340963294392963,0.16340963294392963,0.16171486089787354,0.9088,0.271258374908939,ok
function-mixed_surface-r07-gd,function,mixed_surface,GD,7,10007,20007,20007,surface,mixed_surface,0.0,1,40,161,0.01,0.025066282746310002,2000,2000,2000,2000,,,0.09394629114841377,0.09394629114841377,0.09394629114841377,0.08750921898501672,0.8848,0.4757620000746101,ok
function-mixed_surface-r07-mc00,function,mixed_surface,MC,7,10007,20007,1000700,surface,mixed_surface,0.0,1,40,161,0.01,0.025066282746310002,2000,2000,2000,0,63.0,0.0315,0.16203023578774078,0.16203023578774078,0.16203023578774078,0.16384298007975412,0.9024,0.2897267921362072,ok
function-mixed_surface-r07-mc01,function,mixed_surface,MC,7,10007,20007,1000701,surface,mixed_surface,0.0,1,40,161,0.01,0.025066282746310002,2000,2000,2000,0,83.0,0.0415,0.15766955264216345,0.15766955264216345,0.15766955264216345,0.15614585255370858,0.9056,0.2683244589716196,ok
function-mixed_surface-r07-mc02,function,mixed_surface,MC,7,10007,20007,1000702,surface,mixed_surface,0.0,1,40,161,0.01,0.025066282746310002,2000,2000,2000,0,64.0,0.032,0.16512887819044286,0.16512887819044286,0.16512887819044286,0.16561444374515827,0.9024,0.2550125839188695,ok
function-mixed_surface-r07-mc03,function,mixed_surface,MC,7,10007,20007,1000703,surface,mixed_surface,0.0,1,40,161,0.01,0.025066282746310002,2000,2000,2000,0,57.0,0.0285,0.1649796034107531,0.1649796034107531,0.1649796034107531,0.16617463551547587,0.9024,0.26169716683216393,ok
function-mixed_surface-r07-mc04,function,mixed_surface,MC,7,10007,20007,1000704,surface,mixed_surface,0.0,1,40,161,0.01,0.025066282746310002,2000,2000,2000,0,71.0,0.0355,0.1664954242701075,0.1664954242701075,0.1664954242701075,0.16589614083978257,0.8928,0.24388795904815197,ok
function-mixed_surface-r08-gd,function,mixed_surface,GD,8,10008,20008,20008,surface,mixed_surface,0.0,1,40,161,0.01,0.025066282746310002,2000,2000,2000,2000,,,0.11854083367963412,0.11854083367963412,0.11854083367963412,0.10948040066006204,0.888,0.4699594578705728,ok
function-mixed_surface-r08-mc00,function,mixed_surface,MC,8,10008,20008,1000800,surface,mixed_surface,0.0,1,40,161,0.01,0.025066282746310002,2000,2000,2000,0,44.0,0.022,0.16901866788165135,0.16901866788165135,0.16901866788165135,0.16901126489291243,0.9136,0.25243933289311826,ok
function-mixed_surface-r08-mc01,function,mixed_surface,MC,8,10008,20008,1000801,surface,mixed_surface,0.0,1,40,161,0.01,0.025066282746310002,2000,2000,2000,0,46.0,0.023,0.16402858878702214,0.16402858878702214,0.16402858878702214,0.16503702950629437,0.9056,0.265676791081205,ok
function-mixed_surface-r08-mc02,function,mixed_surface,MC,8,10008,20008,1000802,surface,mixed_surface,0.0,1,40,161,0.01,0.025066282746310002,2000,2000,2000,0,54.0,0.027,0.16401728628229809,0.16401728628229809,0.16401728628229809,0.16599803020652035,0.9072,0.26800712500698864,ok
function-mixed_surface-r08-mc03,function,mixed_surface,MC,8,10008,20008,1000803,surface,mixed_surface,0.0,1,40,161,0.01,0.025066282746310002,2000,2000,2000,0,53.0,0.0265,0.16521395217375232,0.16521395217375232,0.16521395217375232,0.16642828413964045,0.9104,0.28126249997876585,ok
function-mixed_surface-r08-mc04,function,mixed_surface,MC,8,10008,20008,1000804,surface,mixed_surface,0.0,1,40,161,0.01,0.025066282746310002,2000,2000,2000,0,34.0,0.017,0.17100764064676574,0.17100764064676574,0.17100764064676574,0.17092891982135552,0.9072,0.2656526658684015,ok
function-mixed_surface-r09-gd,function,mixed_surface,GD,9,10009,20009,20009,surface,mixed_surface,0.0,1,40,161,0.01,0.025066282746310002,2000,2000,2000,2000,,,0.11301622164028567,0.11301622164028567,0.11301622164028567,0.10422699514602471,0.8832,0.4690180409234017,ok
function-mixed_surface-r09-mc00,function,mixed_surface,MC,9,10009,20009,1000900,surface,mixed_surface,0.0,1,40,161,0.01,0.025066282746310002,2000,2000,2000,0,61.0,0.0305,0.16438747891404284,0.16438747891404284,0.16438747891404284,0.16574737540541623,0.9072,0.2711765409912914,ok
function-mixed_surface-r09-mc01,function,mixed_surface,MC,9,10009,20009,1000901,surface,mixed_surface,0.0,1,40,161,0.01,0.025066282746310002,2000,2000,2000,0,65.0,0.0325,0.16495206333736756,0.16495206333736756,0.16495206333736756,0.1646709056585347,0.9008,0.2676802498754114,ok
function-mixed_surface-r09-mc02,function,mixed_surface,MC,9,10009,20009,1000902,surface,mixed_surface,0.0,1,40,161,0.01,0.025066282746310002,2000,2000,2000,0,77.0,0.0385,0.16239023104748232,0.16239023104748232,0.16239023104748232,0.16300970087815658,0.8992,0.2757351668551564,ok
function-mixed_surface-r09-mc03,function,mixed_surface,MC,9,10009,20009,1000903,surface,mixed_surface,0.0,1,40,161,0.01,0.025066282746310002,2000,2000,2000,0,62.0,0.031,0.1690515015535815,0.1690515015535815,0.1690515015535815,0.168690218313174,0.9024,0.2650820829439908,ok
function-mixed_surface-r09-mc04,function,mixed_surface,MC,9,10009,20009,1000904,surface,mixed_surface,0.0,1,40,161,0.01,0.025066282746310002,2000,2000,2000,0,111.0,0.0555,0.15243231848523547,0.15243231848523547,0.15243231848523547,0.1515021334531025,0.8912,0.27027395903132856,ok
function-mixed_surface-r10-gd,function,mixed_surface,GD,10,10010,20010,20010,surface,mixed_surface,0.0,1,40,161,0.01,0.025066282746310002,2000,2000,2000,2000,,,0.0900370590799395,0.0900370590799395,0.0900370590799395,0.08455624732419546,0.8928,0.4816856251563877,ok
function-mixed_surface-r10-mc00,function,mixed_surface,MC,10,10010,20010,1001000,surface,mixed_surface,0.0,1,40,161,0.01,0.025066282746310002,2000,2000,2000,0,70.0,0.035,0.16267304958901754,0.16267304958901754,0.16267304958901754,0.16378771551702564,0.9008,0.27958354190923274,ok
function-mixed_surface-r10-mc01,function,mixed_surface,MC,10,10010,20010,1001001,surface,mixed_surface,0.0,1,40,161,0.01,0.025066282746310002,2000,2000,2000,0,77.0,0.0385,0.16283486429193367,0.16283486429193367,0.16283486429193367,0.1634140078465044,0.9088,0.27042775019071996,ok
function-mixed_surface-r10-mc02,function,mixed_surface,MC,10,10010,20010,1001002,surface,mixed_surface,0.0,1,40,161,0.01,0.025066282746310002,2000,2000,2000,0,64.0,0.032,0.16398483663560093,0.16398483663560093,0.16398483663560093,0.16581993762889927,0.9168,0.26744116586633027,ok
function-mixed_surface-r10-mc03,function,mixed_surface,MC,10,10010,20010,1001003,surface,mixed_surface,0.0,1,40,161,0.01,0.025066282746310002,2000,2000,2000,0,64.0,0.032,0.16578833349090852,0.16578833349090852,0.16578833349090852,0.16657919713782457,0.8944,0.2868046669755131,ok
function-mixed_surface-r10-mc04,function,mixed_surface,MC,10,10010,20010,1001004,surface,mixed_surface,0.0,1,40,161,0.01,0.025066282746310002,2000,2000,2000,0,63.0,0.0315,0.16476163319502907,0.16476163319502907,0.16476163319502907,0.16652300746234358,0.904,0.2706864590290934,ok
function-mixed_surface-r11-gd,function,mixed_surface,GD,11,10011,20011,20011,surface,mixed_surface,0.0,1,40,161,0.01,0.025066282746310002,2000,2000,2000,2000,,,0.10215258079198022,0.10215258079198022,0.10215258079198022,0.09464270980148948,0.888,0.46139912493526936,ok
function-mixed_surface-r11-mc00,function,mixed_surface,MC,11,10011,20011,1001100,surface,mixed_surface,0.0,1,40,161,0.01,0.025066282746310002,2000,2000,2000,0,57.0,0.0285,0.16233913798370955,0.16233913798370955,0.16233913798370955,0.16357203076704793,0.9056,0.2555964579805732,ok
function-mixed_surface-r11-mc01,function,mixed_surface,MC,11,10011,20011,1001101,surface,mixed_surface,0.0,1,40,161,0.01,0.025066282746310002,2000,2000,2000,0,66.0,0.033,0.16435965778176082,0.16435965778176082,0.16435965778176082,0.16583546930581647,0.9008,0.27236658288165927,ok
function-mixed_surface-r11-mc02,function,mixed_surface,MC,11,10011,20011,1001102,surface,mixed_surface,0.0,1,40,161,0.01,0.025066282746310002,2000,2000,2000,0,62.0,0.031,0.16281399263405907,0.16281399263405907,0.16281399263405907,0.1640792097320698,0.904,0.26613241690211,ok
function-mixed_surface-r11-mc03,function,mixed_surface,MC,11,10011,20011,1001103,surface,mixed_surface,0.0,1,40,161,0.01,0.025066282746310002,2000,2000,2000,0,73.0,0.0365,0.1562161957870396,0.1562161957870396,0.1562161957870396,0.15515567994157278,0.8912,0.25001691607758403,ok
function-mixed_surface-r11-mc04,function,mixed_surface,MC,11,10011,20011,1001104,surface,mixed_surface,0.0,1,40,161,0.01,0.025066282746310002,2000,2000,2000,0,50.0,0.025,0.16583172257567186,0.16583172257567186,0.16583172257567186,0.1674568926081083,0.9072,0.24532970902509987,ok
model-small-r00-gd,model,small,GD,0,10000,20000,20000,curve,sin_pi,0.0,1,10,31,0.01,0.025066282746310002,2000,2000,2000,2000,,,0.0035427504423968226,0.0035427504423968226,0.0035427504423968226,0.00338311572153719,0.48,0.10457700002007186,ok
model-small-r00-mc00,model,small,MC,0,10000,20000,1000000,curve,sin_pi,0.0,1,10,31,0.01,0.025066282746310002,2000,2000,2000,0,176.0,0.088,0.007158550843910389,0.007158550843910389,0.007158550843910389,0.006824313373668389,0.7,0.05930516682565212,ok
model-small-r00-mc01,model,small,MC,0,10000,20000,1000001,curve,sin_pi,0.0,1,10,31,0.01,0.025066282746310002,2000,2000,2000,0,172.0,0.086,0.006137796667535662,0.006137796667535662,0.006137796667535662,0.005925188838591143,0.67,0.056843291968107224,ok
model-small-r00-mc02,model,small,MC,0,10000,20000,1000002,curve,sin_pi,0.0,1,10,31,0.01,0.025066282746310002,2000,2000,2000,0,183.0,0.0915,0.008770621661893225,0.008770621661893225,0.008770621661893225,0.008349917604952583,0.715,0.055055333068594337,ok
model-small-r00-mc03,model,small,MC,0,10000,20000,1000003,curve,sin_pi,0.0,1,10,31,0.01,0.025066282746310002,2000,2000,2000,0,177.0,0.0885,0.009073458187066652,0.009073458187066652,0.009073458187066652,0.008614554060210203,0.715,0.058929957915097475,ok
model-small-r00-mc04,model,small,MC,0,10000,20000,1000004,curve,sin_pi,0.0,1,10,31,0.01,0.025066282746310002,2000,2000,2000,0,190.0,0.095,0.006825846014367374,0.006825846014367374,0.006825846014367374,0.00639988350876463,0.63,0.06003162497654557,ok
model-small-r01-gd,model,small,GD,1,10001,20001,20001,curve,sin_pi,0.0,1,10,31,0.01,0.025066282746310002,2000,2000,2000,2000,,,0.004474545554337708,0.004474545554337708,0.004474545554337708,0.004265477246548106,0.565,0.10481933294795454,ok
model-small-r01-mc00,model,small,MC,1,10001,20001,1000100,curve,sin_pi,0.0,1,10,31,0.01,0.025066282746310002,2000,2000,2000,0,181.0,0.0905,0.009511509764036035,0.009511509764036035,0.009511509764036035,0.009075991866356617,0.735,0.06041449983604252,ok
model-small-r01-mc01,model,small,MC,1,10001,20001,1000101,curve,sin_pi,0.0,1,10,31,0.01,0.025066282746310002,2000,2000,2000,0,160.0,0.08,0.010505948551383468,0.010505948551383468,0.010505948551383468,0.010020992590641284,0.745,0.06081874994561076,ok
model-small-r01-mc02,model,small,MC,1,10001,20001,1000102,curve,sin_pi,0.0,1,10,31,0.01,0.025066282746310002,2000,2000,2000,0,195.0,0.0975,0.008497268995462463,0.008497268995462463,0.008497268995462463,0.007920090621263661,0.685,0.0573210830334574,ok
model-small-r01-mc03,model,small,MC,1,10001,20001,1000103,curve,sin_pi,0.0,1,10,31,0.01,0.025066282746310002,2000,2000,2000,0,185.0,0.0925,0.007821036777339961,0.007821036777339961,0.007821036777339961,0.007447471949432025,0.695,0.05731637519784272,ok
model-small-r01-mc04,model,small,MC,1,10001,20001,1000104,curve,sin_pi,0.0,1,10,31,0.01,0.025066282746310002,2000,2000,2000,0,185.0,0.0925,0.009096162925877864,0.009096162925877864,0.009096162925877864,0.00858112283361831,0.72,0.0577121670357883,ok
model-small-r02-gd,model,small,GD,2,10002,20002,20002,curve,sin_pi,0.0,1,10,31,0.01,0.025066282746310002,2000,2000,2000,2000,,,0.004498714547990707,0.004498714547990707,0.004498714547990707,0.004288317863013523,0.57,0.10148879094049335,ok
model-small-r02-mc00,model,small,MC,2,10002,20002,1000200,curve,sin_pi,0.0,1,10,31,0.01,0.025066282746310002,2000,2000,2000,0,232.0,0.116,0.008497152093656835,0.008497152093656835,0.008497152093656835,0.008103950909604583,0.72,0.05562266591005027,ok
model-small-r02-mc01,model,small,MC,2,10002,20002,1000201,curve,sin_pi,0.0,1,10,31,0.01,0.025066282746310002,2000,2000,2000,0,199.0,0.0995,0.008265594740434524,0.008265594740434524,0.008265594740434524,0.007798013776309891,0.68,0.05520945810712874,ok
model-small-r02-mc02,model,small,MC,2,10002,20002,1000202,curve,sin_pi,0.0,1,10,31,0.01,0.025066282746310002,2000,2000,2000,0,213.0,0.1065,0.011447865356628286,0.011447865356628286,0.011447865356628286,0.010910920270240146,0.755,0.060771041084080935,ok
model-small-r02-mc03,model,small,MC,2,10002,20002,1000203,curve,sin_pi,0.0,1,10,31,0.01,0.025066282746310002,2000,2000,2000,0,210.0,0.105,0.009270119457046175,0.009270119457046175,0.009270119457046175,0.008782943001789442,0.73,0.061286832904443145,ok
model-small-r02-mc04,model,small,MC,2,10002,20002,1000204,curve,sin_pi,0.0,1,10,31,0.01,0.025066282746310002,2000,2000,2000,0,202.0,0.101,0.00936426740041767,0.00936426740041767,0.00936426740041767,0.008993173535103266,0.725,0.05994979199022055,ok
model-small-r03-gd,model,small,GD,3,10003,20003,20003,curve,sin_pi,0.0,1,10,31,0.01,0.025066282746310002,2000,2000,2000,2000,,,0.003330145859613989,0.003330145859613989,0.003330145859613989,0.0031827778196762686,0.465,0.10410391702316701,ok
model-small-r03-mc00,model,small,MC,3,10003,20003,1000300,curve,sin_pi,0.0,1,10,31,0.01,0.025066282746310002,2000,2000,2000,0,187.0,0.0935,0.011203532348353926,0.011203532348353926,0.011203532348353926,0.010665094769274184,0.755,0.05865387502126396,ok
model-small-r03-mc01,model,small,MC,3,10003,20003,1000301,curve,sin_pi,0.0,1,10,31,0.01,0.025066282746310002,2000,2000,2000,0,187.0,0.0935,0.00822543150146502,0.00822543150146502,0.00822543150146502,0.007863714446722746,0.69,0.06018379214219749,ok
model-small-r03-mc02,model,small,MC,3,10003,20003,1000302,curve,sin_pi,0.0,1,10,31,0.01,0.025066282746310002,2000,2000,2000,0,183.0,0.0915,0.007628175494333807,0.007628175494333807,0.007628175494333807,0.007246533586166348,0.69,0.059588124975562096,ok
model-small-r03-mc03,model,small,MC,3,10003,20003,1000303,curve,sin_pi,0.0,1,10,31,0.01,0.025066282746310002,2000,2000,2000,0,193.0,0.0965,0.008908262944781453,0.008908262944781453,0.008908262944781453,0.008397133856323838,0.72,0.05861816601827741,ok
model-small-r03-mc04,model,small,MC,3,10003,20003,1000304,curve,sin_pi,0.0,1,10,31,0.01,0.025066282746310002,2000,2000,2000,0,189.0,0.0945,0.009272507009374058,0.009272507009374058,0.009272507009374058,0.008810263514933251,0.73,0.05411279108375311,ok
model-small-r04-gd,model,small,GD,4,10004,20004,20004,curve,sin_pi,0.0,1,10,31,0.01,0.025066282746310002,2000,2000,2000,2000,,,0.004949438043130356,0.004949438043130356,0.004949438043130356,0.004707102408278072,0.595,0.10068549984134734,ok
model-small-r04-mc00,model,small,MC,4,10004,20004,1000400,curve,sin_pi,0.0,1,10,31,0.01,0.025066282746310002,2000,2000,2000,0,195.0,0.0975,0.005388429717469756,0.005388429717469756,0.005388429717469756,0.005091781411562369,0.55,0.056783457985147834,ok
model-small-r04-mc01,model,small,MC,4,10004,20004,1000401,curve,sin_pi,0.0,1,10,31,0.01,0.025066282746310002,2000,2000,2000,0,186.0,0.093,0.0079793531921944,0.0079793531921944,0.0079793531921944,0.007640241898716703,0.71,0.05639149993658066,ok
model-small-r04-mc02,model,small,MC,4,10004,20004,1000402,curve,sin_pi,0.0,1,10,31,0.01,0.025066282746310002,2000,2000,2000,0,173.0,0.0865,0.008734795417239663,0.008734795417239663,0.008734795417239663,0.008386058488845086,0.69,0.052709874929860234,ok
model-small-r04-mc03,model,small,MC,4,10004,20004,1000403,curve,sin_pi,0.0,1,10,31,0.01,0.025066282746310002,2000,2000,2000,0,174.0,0.087,0.004812587200167734,0.004812587200167734,0.004812587200167734,0.004507455475760198,0.555,0.0544764578808099,ok
model-small-r04-mc04,model,small,MC,4,10004,20004,1000404,curve,sin_pi,0.0,1,10,31,0.01,0.025066282746310002,2000,2000,2000,0,161.0,0.0805,0.00775420889558752,0.00775420889558752,0.00775420889558752,0.0073827323780407605,0.7,0.0539013328962028,ok
model-small-r05-gd,model,small,GD,5,10005,20005,20005,curve,sin_pi,0.0,1,10,31,0.01,0.025066282746310002,2000,2000,2000,2000,,,0.004618679343426408,0.004618679343426408,0.004618679343426408,0.00440392157303491,0.575,0.09741279180161655,ok
model-small-r05-mc00,model,small,MC,5,10005,20005,1000500,curve,sin_pi,0.0,1,10,31,0.01,0.025066282746310002,2000,2000,2000,0,184.0,0.092,0.007364974634623538,0.007364974634623538,0.007364974634623538,0.007061898136988134,0.705,0.05275695794261992,ok
model-small-r05-mc01,model,small,MC,5,10005,20005,1000501,curve,sin_pi,0.0,1,10,31,0.01,0.025066282746310002,2000,2000,2000,0,165.0,0.0825,0.010230686738180499,0.010230686738180499,0.010230686738180499,0.009780848190361482,0.745,0.052879791939631104,ok
model-small-r05-mc02,model,small,MC,5,10005,20005,1000502,curve,sin_pi,0.0,1,10,31,0.01,0.025066282746310002,2000,2000,2000,0,193.0,0.0965,0.006691550709306862,0.006691550709306862,0.006691550709306862,0.006390797720740906,0.675,0.05407220893539488,ok
model-small-r05-mc03,model,small,MC,5,10005,20005,1000503,curve,sin_pi,0.0,1,10,31,0.01,0.025066282746310002,2000,2000,2000,0,186.0,0.093,0.009456325128120202,0.009456325128120202,0.009456325128120202,0.009064604392371325,0.735,0.0536335411015898,ok
model-small-r05-mc04,model,small,MC,5,10005,20005,1000504,curve,sin_pi,0.0,1,10,31,0.01,0.025066282746310002,2000,2000,2000,0,195.0,0.0975,0.00585487173074823,0.00585487173074823,0.00585487173074823,0.005654073728563797,0.665,0.05454358318820596,ok
model-small-r06-gd,model,small,GD,6,10006,20006,20006,curve,sin_pi,0.0,1,10,31,0.01,0.025066282746310002,2000,2000,2000,2000,,,0.0038849550131144816,0.0038849550131144816,0.0038849550131144816,0.003706141980843557,0.535,0.10082712513394654,ok
model-small-r06-mc00,model,small,MC,6,10006,20006,1000600,curve,sin_pi,0.0,1,10,31,0.01,0.025066282746310002,2000,2000,2000,0,207.0,0.1035,0.008058056123543843,0.008058056123543843,0.008058056123543843,0.0076301730888255325,0.685,0.054625957971438766,ok
model-small-r06-mc01,model,small,MC,6,10006,20006,1000601,curve,sin_pi,0.0,1,10,31,0.01,0.025066282746310002,2000,2000,2000,0,209.0,0.1045,0.006887497669089222,0.006887497669089222,0.006887497669089222,0.006538034259453229,0.675,0.058156459126621485,ok
model-small-r06-mc02,model,small,MC,6,10006,20006,1000602,curve,sin_pi,0.0,1,10,31,0.01,0.025066282746310002,2000,2000,2000,0,218.0,0.109,0.006717466396983782,0.006717466396983782,0.006717466396983782,0.006375492122663757,0.66,0.05603924999013543,ok
model-small-r06-mc03,model,small,MC,6,10006,20006,1000603,curve,sin_pi,0.0,1,10,31,0.01,0.025066282746310002,2000,2000,2000,0,217.0,0.1085,0.006313892867982669,0.006313892867982669,0.006313892867982669,0.006055928375809232,0.685,0.05495191691443324,ok
model-small-r06-mc04,model,small,MC,6,10006,20006,1000604,curve,sin_pi,0.0,1,10,31,0.01,0.025066282746310002,2000,2000,2000,0,212.0,0.106,0.006785934642054196,0.006785934642054196,0.006785934642054196,0.0064603188431037895,0.675,0.05562858306802809,ok
model-small-r07-gd,model,small,GD,7,10007,20007,20007,curve,sin_pi,0.0,1,10,31,0.01,0.025066282746310002,2000,2000,2000,2000,,,0.00428638190055261,0.00428638190055261,0.00428638190055261,0.00408702289316064,0.55,0.09538354212418199,ok
model-small-r07-mc00,model,small,MC,7,10007,20007,1000700,curve,sin_pi,0.0,1,10,31,0.01,0.025066282746310002,2000,2000,2000,0,198.0,0.099,0.008993719905130464,0.008993719905130464,0.008993719905130464,0.008562481329096257,0.73,0.05377070792019367,ok
model-small-r07-mc01,model,small,MC,7,10007,20007,1000701,curve,sin_pi,0.0,1,10,31,0.01,0.025066282746310002,2000,2000,2000,0,190.0,0.095,0.009744756383190875,0.009744756383190875,0.009744756383190875,0.009269127218705516,0.71,0.05391691601835191,ok
model-small-r07-mc02,model,small,MC,7,10007,20007,1000702,curve,sin_pi,0.0,1,10,31,0.01,0.025066282746310002,2000,2000,2000,0,196.0,0.098,0.0035985210768708815,0.0035985210768708815,0.0035985210768708815,0.003406359237736296,0.51,0.05411095800809562,ok
model-small-r07-mc03,model,small,MC,7,10007,20007,1000703,curve,sin_pi,0.0,1,10,31,0.01,0.025066282746310002,2000,2000,2000,0,187.0,0.0935,0.0069254469410145155,0.0069254469410145155,0.0069254469410145155,0.006526775235160006,0.67,0.05219345795921981,ok
model-small-r07-mc04,model,small,MC,7,10007,20007,1000704,curve,sin_pi,0.0,1,10,31,0.01,0.025066282746310002,2000,2000,2000,0,206.0,0.103,0.005264883916856084,0.005264883916856084,0.005264883916856084,0.0050832536616986085,0.66,0.0535419590305537,ok
model-small-r08-gd,model,small,GD,8,10008,20008,20008,curve,sin_pi,0.0,1,10,31,0.01,0.025066282746310002,2000,2000,2000,2000,,,0.00490207813623807,0.00490207813623807,0.00490207813623807,0.004667659703904904,0.595,0.09606220899149776,ok
model-small-r08-mc00,model,small,MC,8,10008,20008,1000800,curve,sin_pi,0.0,1,10,31,0.01,0.025066282746310002,2000,2000,2000,0,227.0,0.1135,0.00950181626438809,0.00950181626438809,0.00950181626438809,0.00896617942715422,0.71,0.05745425005443394,ok
model-small-r08-mc01,model,small,MC,8,10008,20008,1000801,curve,sin_pi,0.0,1,10,31,0.01,0.025066282746310002,2000,2000,2000,0,214.0,0.107,0.009015422166939702,0.009015422166939702,0.009015422166939702,0.008547614518626147,0.685,0.05496604088693857,ok
model-small-r08-mc02,model,small,MC,8,10008,20008,1000802,curve,sin_pi,0.0,1,10,31,0.01,0.025066282746310002,2000,2000,2000,0,212.0,0.106,0.010745616062875689,0.010745616062875689,0.010745616062875689,0.010305902067844652,0.77,0.05496137496083975,ok
model-small-r08-mc03,model,small,MC,8,10008,20008,1000803,curve,sin_pi,0.0,1,10,31,0.01,0.025066282746310002,2000,2000,2000,0,181.0,0.0905,0.007573036355683884,0.007573036355683884,0.007573036355683884,0.007233155819313614,0.705,0.0568293328396976,ok
model-small-r08-mc04,model,small,MC,8,10008,20008,1000804,curve,sin_pi,0.0,1,10,31,0.01,0.025066282746310002,2000,2000,2000,0,217.0,0.1085,0.009914803511431996,0.009914803511431996,0.009914803511431996,0.009370937083967924,0.735,0.05804737494327128,ok
model-small-r09-gd,model,small,GD,9,10009,20009,20009,curve,sin_pi,0.0,1,10,31,0.01,0.025066282746310002,2000,2000,2000,2000,,,0.0046279318188700725,0.0046279318188700725,0.0046279318188700725,0.004411102001844102,0.58,0.10446062497794628,ok
model-small-r09-mc00,model,small,MC,9,10009,20009,1000900,curve,sin_pi,0.0,1,10,31,0.01,0.025066282746310002,2000,2000,2000,0,215.0,0.1075,0.010365845363721603,0.010365845363721603,0.010365845363721603,0.009850389969167202,0.75,0.05844237492419779,ok
model-small-r09-mc01,model,small,MC,9,10009,20009,1000901,curve,sin_pi,0.0,1,10,31,0.01,0.025066282746310002,2000,2000,2000,0,215.0,0.1075,0.009985997957902802,0.009985997957902802,0.009985997957902802,0.009482688990505536,0.725,0.05734316608868539,ok
model-small-r09-mc02,model,small,MC,9,10009,20009,1000902,curve,sin_pi,0.0,1,10,31,0.01,0.025066282746310002,2000,2000,2000,0,217.0,0.1085,0.009829232716949198,0.009829232716949198,0.009829232716949198,0.009259533951894505,0.725,0.05818466702476144,ok
model-small-r09-mc03,model,small,MC,9,10009,20009,1000903,curve,sin_pi,0.0,1,10,31,0.01,0.025066282746310002,2000,2000,2000,0,198.0,0.099,0.008299889430068218,0.008299889430068218,0.008299889430068218,0.007980230516185209,0.73,0.056567790918052197,ok
model-small-r09-mc04,model,small,MC,9,10009,20009,1000904,curve,sin_pi,0.0,1,10,31,0.01,0.025066282746310002,2000,2000,2000,0,219.0,0.1095,0.008603893808987476,0.008603893808987476,0.008603893808987476,0.008128890206978413,0.715,0.05498816608451307,ok
model-small-r10-gd,model,small,GD,10,10010,20010,20010,curve,sin_pi,0.0,1,10,31,0.01,0.025066282746310002,2000,2000,2000,2000,,,0.004732469305928359,0.004732469305928359,0.004732469305928359,0.004513878568763221,0.59,0.09687279118224978,ok
model-small-r10-mc00,model,small,MC,10,10010,20010,1001000,curve,sin_pi,0.0,1,10,31,0.01,0.025066282746310002,2000,2000,2000,0,153.0,0.0765,0.004898311250468359,0.004898311250468359,0.004898311250468359,0.004575891101755475,0.57,0.05187333398498595,ok
model-small-r10-mc01,model,small,MC,10,10010,20010,1001001,curve,sin_pi,0.0,1,10,31,0.01,0.025066282746310002,2000,2000,2000,0,164.0,0.082,0.005572303726050169,0.005572303726050169,0.005572303726050169,0.005234904215288855,0.61,0.050324332900345325,ok
model-small-r10-mc02,model,small,MC,10,10010,20010,1001002,curve,sin_pi,0.0,1,10,31,0.01,0.025066282746310002,2000,2000,2000,0,173.0,0.0865,0.005458013847237633,0.005458013847237633,0.005458013847237633,0.0052509200602847556,0.65,0.05824950011447072,ok
model-small-r10-mc03,model,small,MC,10,10010,20010,1001003,curve,sin_pi,0.0,1,10,31,0.01,0.025066282746310002,2000,2000,2000,0,172.0,0.086,0.0077726848975108835,0.0077726848975108835,0.0077726848975108835,0.0074215966370448725,0.7,0.059052125085145235,ok
model-small-r10-mc04,model,small,MC,10,10010,20010,1001004,curve,sin_pi,0.0,1,10,31,0.01,0.025066282746310002,2000,2000,2000,0,179.0,0.0895,0.01082185118615878,0.01082185118615878,0.01082185118615878,0.010186100845190933,0.71,0.056875749956816435,ok
model-small-r11-gd,model,small,GD,11,10011,20011,20011,curve,sin_pi,0.0,1,10,31,0.01,0.025066282746310002,2000,2000,2000,2000,,,0.0036382030705223987,0.0036382030705223987,0.0036382030705223987,0.00347492601937042,0.495,0.10071808309294283,ok
model-small-r11-mc00,model,small,MC,11,10011,20011,1001100,curve,sin_pi,0.0,1,10,31,0.01,0.025066282746310002,2000,2000,2000,0,188.0,0.094,0.007727097109146872,0.007727097109146872,0.007727097109146872,0.00743421348952521,0.695,0.058430416975170374,ok
model-small-r11-mc01,model,small,MC,11,10011,20011,1001101,curve,sin_pi,0.0,1,10,31,0.01,0.025066282746310002,2000,2000,2000,0,179.0,0.0895,0.006900495429049061,0.006900495429049061,0.006900495429049061,0.006670265251342556,0.67,0.061055959202349186,ok
model-small-r11-mc02,model,small,MC,11,10011,20011,1001102,curve,sin_pi,0.0,1,10,31,0.01,0.025066282746310002,2000,2000,2000,0,206.0,0.103,0.005582723451044901,0.005582723451044901,0.005582723451044901,0.005345564062727153,0.64,0.05981854209676385,ok
model-small-r11-mc03,model,small,MC,11,10011,20011,1001103,curve,sin_pi,0.0,1,10,31,0.01,0.025066282746310002,2000,2000,2000,0,209.0,0.1045,0.0057615002034643046,0.0057615002034643046,0.0057615002034643046,0.005406317006459267,0.62,0.05745574994944036,ok
model-small-r11-mc04,model,small,MC,11,10011,20011,1001104,curve,sin_pi,0.0,1,10,31,0.01,0.025066282746310002,2000,2000,2000,0,175.0,0.0875,0.009616698625026484,0.009616698625026484,0.009616698625026484,0.00918258125473854,0.73,0.058132292004302144,ok
model-baseline-r00-gd,model,baseline,GD,0,10000,20000,20000,curve,sin_pi,0.0,1,40,121,0.01,0.025066282746310002,2000,2000,2000,2000,,,0.001985642889293645,0.001985642889293645,0.001985642889293645,0.001918349226667956,0.305,0.2173285000026226,ok
model-baseline-r00-mc00,model,baseline,MC,0,10000,20000,1000000,curve,sin_pi,0.0,1,40,121,0.01,0.025066282746310002,2000,2000,2000,0,198.0,0.099,0.004824279001847687,0.004824279001847687,0.004824279001847687,0.004559480087349664,0.555,0.15633216709829867,ok
model-baseline-r00-mc01,model,baseline,MC,0,10000,20000,1000001,curve,sin_pi,0.0,1,40,121,0.01,0.025066282746310002,2000,2000,2000,0,167.0,0.0835,0.009431927808152824,0.009431927808152824,0.009431927808152824,0.009000443939765335,0.74,0.13156733289361,ok
model-baseline-r00-mc02,model,baseline,MC,0,10000,20000,1000002,curve,sin_pi,0.0,1,40,121,0.01,0.025066282746310002,2000,2000,2000,0,183.0,0.0915,0.00404016132635581,0.00404016132635581,0.00404016132635581,0.0038647707673374727,0.595,0.1366468749474734,ok
model-baseline-r00-mc03,model,baseline,MC,0,10000,20000,1000003,curve,sin_pi,0.0,1,40,121,0.01,0.025066282746310002,2000,2000,2000,0,178.0,0.089,0.0025764828643082285,0.0025764828643082285,0.0025764828643082285,0.0025062468091390545,0.465,0.1456929170526564,ok
model-baseline-r00-mc04,model,baseline,MC,0,10000,20000,1000004,curve,sin_pi,0.0,1,40,121,0.01,0.025066282746310002,2000,2000,2000,0,174.0,0.087,0.005847548963348853,0.005847548963348853,0.005847548963348853,0.005569363478539061,0.65,0.1469690001104027,ok
model-baseline-r01-gd,model,baseline,GD,1,10001,20001,20001,curve,sin_pi,0.0,1,40,121,0.01,0.025066282746310002,2000,2000,2000,2000,,,0.003205947713362968,0.003205947713362968,0.003205947713362968,0.00307562636984101,0.46,0.22236349992454052,ok
model-baseline-r01-mc00,model,baseline,MC,1,10001,20001,1000100,curve,sin_pi,0.0,1,40,121,0.01,0.025066282746310002,2000,2000,2000,0,184.0,0.092,0.006684218668639009,0.006684218668639009,0.006684218668639009,0.00633247767935081,0.64,0.13549941615201533,ok
model-baseline-r01-mc01,model,baseline,MC,1,10001,20001,1000101,curve,sin_pi,0.0,1,40,121,0.01,0.025066282746310002,2000,2000,2000,0,179.0,0.0895,0.005524408104454175,0.005524408104454175,0.005524408104454175,0.005257913351721413,0.64,0.12948416592553258,ok
model-baseline-r01-mc02,model,baseline,MC,1,10001,20001,1000102,curve,sin_pi,0.0,1,40,121,0.01,0.025066282746310002,2000,2000,2000,0,181.0,0.0905,0.008835144785144265,0.008835144785144265,0.008835144785144265,0.008479198140004349,0.725,0.15607754117809236,ok
model-baseline-r01-mc03,model,baseline,MC,1,10001,20001,1000103,curve,sin_pi,0.0,1,40,121,0.01,0.025066282746310002,2000,2000,2000,0,186.0,0.093,0.004935514687350543,0.004935514687350543,0.004935514687350543,0.00466797436757985,0.605,0.14752116682939231,ok
model-baseline-r01-mc04,model,baseline,MC,1,10001,20001,1000104,curve,sin_pi,0.0,1,40,121,0.01,0.025066282746310002,2000,2000,2000,0,169.0,0.0845,0.006227986723161474,0.006227986723161474,0.006227986723161474,0.005921644050969146,0.625,0.14764129207469523,ok
model-baseline-r02-gd,model,baseline,GD,2,10002,20002,20002,curve,sin_pi,0.0,1,40,121,0.01,0.025066282746310002,2000,2000,2000,2000,,,0.003250562411522329,0.003250562411522329,0.003250562411522329,0.0031197891539250025,0.46,0.2203608329873532,ok
model-baseline-r02-mc00,model,baseline,MC,2,10002,20002,1000200,curve,sin_pi,0.0,1,40,121,0.01,0.025066282746310002,2000,2000,2000,0,174.0,0.087,0.00854644821933508,0.00854644821933508,0.00854644821933508,0.00816501868729348,0.7,0.14375404198653996,ok
model-baseline-r02-mc01,model,baseline,MC,2,10002,20002,1000201,curve,sin_pi,0.0,1,40,121,0.01,0.025066282746310002,2000,2000,2000,0,172.0,0.086,0.0075666944984098695,0.0075666944984098695,0.0075666944984098695,0.007224781667973953,0.68,0.1274765410926193,ok
model-baseline-r02-mc02,model,baseline,MC,2,10002,20002,1000202,curve,sin_pi,0.0,1,40,121,0.01,0.025066282746310002,2000,2000,2000,0,178.0,0.089,0.00653273821212066,0.00653273821212066,0.00653273821212066,0.006259650568628178,0.665,0.14066954189911485,ok
model-baseline-r02-mc03,model,baseline,MC,2,10002,20002,1000203,curve,sin_pi,0.0,1,40,121,0.01,0.025066282746310002,2000,2000,2000,0,175.0,0.0875,0.0056659334460975866,0.0056659334460975866,0.0056659334460975866,0.005436399486844946,0.65,0.1417177920229733,ok
model-baseline-r02-mc04,model,baseline,MC,2,10002,20002,1000204,curve,sin_pi,0.0,1,40,121,0.01,0.025066282746310002,2000,2000,2000,0,174.0,0.087,0.008604487142556795,0.008604487142556795,0.008604487142556795,0.008106087123599946,0.705,0.14047791715711355,ok
model-baseline-r03-gd,model,baseline,GD,3,10003,20003,20003,curve,sin_pi,0.0,1,40,121,0.01,0.025066282746310002,2000,2000,2000,2000,,,0.002089820326320823,0.002089820326320823,0.002089820326320823,0.002016492345207932,0.315,0.21037016692571342,ok
model-baseline-r03-mc00,model,baseline,MC,3,10003,20003,1000300,curve,sin_pi,0.0,1,40,121,0.01,0.025066282746310002,2000,2000,2000,0,170.0,0.085,0.005619203434362969,0.005619203434362969,0.005619203434362969,0.005435697383758891,0.615,0.14745916589163244,ok
model-baseline-r03-mc01,model,baseline,MC,3,10003,20003,1000301,curve,sin_pi,0.0,1,40,121,0.01,0.025066282746310002,2000,2000,2000,0,188.0,0.094,0.0024347577223183623,0.0024347577223183623,0.0024347577223183623,0.0023366397043479265,0.4,0.15528375003486872,ok
model-baseline-r03-mc02,model,baseline,MC,3,10003,20003,1000302,curve,sin_pi,0.0,1,40,121,0.01,0.025066282746310002,2000,2000,2000,0,167.0,0.0835,0.007152652925959682,0.007152652925959682,0.007152652925959682,0.006865518018052181,0.69,0.15219391719438136,ok
model-baseline-r03-mc03,model,baseline,MC,3,10003,20003,1000303,curve,sin_pi,0.0,1,40,121,0.01,0.025066282746310002,2000,2000,2000,0,168.0,0.084,0.005418158115086805,0.005418158115086805,0.005418158115086805,0.005251121977510033,0.645,0.14208691706880927,ok
model-baseline-r03-mc04,model,baseline,MC,3,10003,20003,1000304,curve,sin_pi,0.0,1,40,121,0.01,0.025066282746310002,2000,2000,2000,0,178.0,0.089,0.004568226303724158,0.004568226303724158,0.004568226303724158,0.004345048142190774,0.59,0.14916979195550084,ok
model-baseline-r04-gd,model,baseline,GD,4,10004,20004,20004,curve,sin_pi,0.0,1,40,121,0.01,0.025066282746310002,2000,2000,2000,2000,,,0.0032569319978717646,0.0032569319978717646,0.0032569319978717646,0.003125755777245492,0.465,0.21864679199643433,ok
model-baseline-r04-mc00,model,baseline,MC,4,10004,20004,1000400,curve,sin_pi,0.0,1,40,121,0.01,0.025066282746310002,2000,2000,2000,0,194.0,0.097,0.004187254415400496,0.004187254415400496,0.004187254415400496,0.003845105492664023,0.355,0.13412541686557233,ok
model-baseline-r04-mc01,model,baseline,MC,4,10004,20004,1000401,curve,sin_pi,0.0,1,40,121,0.01,0.025066282746310002,2000,2000,2000,0,197.0,0.0985,0.004476794477224196,0.004476794477224196,0.004476794477224196,0.0041655276970309855,0.395,0.14429250010289252,ok
model-baseline-r04-mc02,model,baseline,MC,4,10004,20004,1000402,curve,sin_pi,0.0,1,40,121,0.01,0.025066282746310002,2000,2000,2000,0,172.0,0.086,0.007523846421897367,0.007523846421897367,0.007523846421897367,0.00715165067406025,0.695,0.1541320418473333,ok
model-baseline-r04-mc03,model,baseline,MC,4,10004,20004,1000403,curve,sin_pi,0.0,1,40,121,0.01,0.025066282746310002,2000,2000,2000,0,191.0,0.0955,0.008548625123688496,0.008548625123688496,0.008548625123688496,0.00814659208317158,0.72,0.13848937512375414,ok
model-baseline-r04-mc04,model,baseline,MC,4,10004,20004,1000404,curve,sin_pi,0.0,1,40,121,0.01,0.025066282746310002,2000,2000,2000,0,194.0,0.097,0.003612446105737926,0.003612446105737926,0.003612446105737926,0.003364014016791482,0.335,0.14172004093416035,ok
model-baseline-r05-gd,model,baseline,GD,5,10005,20005,20005,curve,sin_pi,0.0,1,40,121,0.01,0.025066282746310002,2000,2000,2000,2000,,,0.0021474248401241003,0.0021474248401241003,0.0021474248401241003,0.0020720150909376124,0.32,0.24203166598454118,ok
model-baseline-r05-mc00,model,baseline,MC,5,10005,20005,1000500,curve,sin_pi,0.0,1,40,121,0.01,0.025066282746310002,2000,2000,2000,0,179.0,0.0895,0.008094770699162892,0.008094770699162892,0.008094770699162892,0.00776049689793862,0.72,0.1530781660694629,ok
model-baseline-r05-mc01,model,baseline,MC,5,10005,20005,1000501,curve,sin_pi,0.0,1,40,121,0.01,0.025066282746310002,2000,2000,2000,0,192.0,0.096,0.0032422737025542903,0.0032422737025542903,0.0032422737025542903,0.003067065691957321,0.495,0.14211550005711615,ok
model-baseline-r05-mc02,model,baseline,MC,5,10005,20005,1000502,curve,sin_pi,0.0,1,40,121,0.01,0.025066282746310002,2000,2000,2000,0,185.0,0.0925,0.004768571429398486,0.004768571429398486,0.004768571429398486,0.004468281048060406,0.435,0.1411615831311792,ok
model-baseline-r05-mc03,model,baseline,MC,5,10005,20005,1000503,curve,sin_pi,0.0,1,40,121,0.01,0.025066282746310002,2000,2000,2000,0,169.0,0.0845,0.006695111565758676,0.006695111565758676,0.006695111565758676,0.006436932036180546,0.685,0.13720825011841953,ok
model-baseline-r05-mc04,model,baseline,MC,5,10005,20005,1000504,curve,sin_pi,0.0,1,40,121,0.01,0.025066282746310002,2000,2000,2000,0,179.0,0.0895,0.005962602606414925,0.005962602606414925,0.005962602606414925,0.005712603868307362,0.66,0.13922837493009865,ok
model-baseline-r06-gd,model,baseline,GD,6,10006,20006,20006,curve,sin_pi,0.0,1,40,121,0.01,0.025066282746310002,2000,2000,2000,2000,,,0.002305827396378898,0.002305827396378898,0.002305827396378898,0.0022216162757435092,0.365,0.21519254194572568,ok
model-baseline-r06-mc00,model,baseline,MC,6,10006,20006,1000600,curve,sin_pi,0.0,1,40,121,0.01,0.025066282746310002,2000,2000,2000,0,163.0,0.0815,0.00614043266890329,0.00614043266890329,0.00614043266890329,0.005854653206707187,0.63,0.12252270895987749,ok
model-baseline-r06-mc01,model,baseline,MC,6,10006,20006,1000601,curve,sin_pi,0.0,1,40,121,0.01,0.025066282746310002,2000,2000,2000,0,199.0,0.0995,0.0032346384887206605,0.0032346384887206605,0.0032346384887206605,0.00303916822729957,0.43,0.13064516591839492,ok
model-baseline-r06-mc02,model,baseline,MC,6,10006,20006,1000602,curve,sin_pi,0.0,1,40,121,0.01,0.025066282746310002,2000,2000,2000,0,176.0,0.088,0.008445329587903108,0.008445329587903108,0.008445329587903108,0.008018248289805234,0.705,0.1414099580142647,ok
model-baseline-r06-mc03,model,baseline,MC,6,10006,20006,1000603,curve,sin_pi,0.0,1,40,121,0.01,0.025066282746310002,2000,2000,2000,0,194.0,0.097,0.007241644128721144,0.007241644128721144,0.007241644128721144,0.006875957029690836,0.675,0.1346097921486944,ok
model-baseline-r06-mc04,model,baseline,MC,6,10006,20006,1000604,curve,sin_pi,0.0,1,40,121,0.01,0.025066282746310002,2000,2000,2000,0,171.0,0.0855,0.008977917297693615,0.008977917297693615,0.008977917297693615,0.008474111635273908,0.7,0.13987820805050433,ok
model-baseline-r07-gd,model,baseline,GD,7,10007,20007,20007,curve,sin_pi,0.0,1,40,121,0.01,0.025066282746310002,2000,2000,2000,2000,,,0.00245302075248255,0.00245302075248255,0.00245302075248255,0.002361381777431905,0.39,0.22274641692638397,ok
model-baseline-r07-mc00,model,baseline,MC,7,10007,20007,1000700,curve,sin_pi,0.0,1,40,121,0.01,0.025066282746310002,2000,2000,2000,0,170.0,0.085,0.00265456374955906,0.00265456374955906,0.00265456374955906,0.0025860037423012013,0.48,0.13516445900313556,ok
model-baseline-r07-mc01,model,baseline,MC,7,10007,20007,1000701,curve,sin_pi,0.0,1,40,121,0.01,0.025066282746310002,2000,2000,2000,0,179.0,0.0895,0.008531268990587579,0.008531268990587579,0.008531268990587579,0.008159897726474132,0.71,0.14599833288230002,ok
model-baseline-r07-mc02,model,baseline,MC,7,10007,20007,1000702,curve,sin_pi,0.0,1,40,121,0.01,0.025066282746310002,2000,2000,2000,0,173.0,0.0865,0.00579721669294972,0.00579721669294972,0.00579721669294972,0.00547896823745167,0.62,0.1392223748844117,ok
model-baseline-r07-mc03,model,baseline,MC,7,10007,20007,1000703,curve,sin_pi,0.0,1,40,121,0.01,0.025066282746310002,2000,2000,2000,0,188.0,0.094,0.004686330261333432,0.004686330261333432,0.004686330261333432,0.004417620094708975,0.545,0.1535834998358041,ok
model-baseline-r07-mc04,model,baseline,MC,7,10007,20007,1000704,curve,sin_pi,0.0,1,40,121,0.01,0.025066282746310002,2000,2000,2000,0,160.0,0.08,0.004188300773422295,0.004188300773422295,0.004188300773422295,0.004063957313061529,0.56,0.1466902911197394,ok
model-baseline-r08-gd,model,baseline,GD,8,10008,20008,20008,curve,sin_pi,0.0,1,40,121,0.01,0.025066282746310002,2000,2000,2000,2000,,,0.002255075215898509,0.002255075215898509,0.002255075215898509,0.002174780301912544,0.34,0.20720195793546736,ok
model-baseline-r08-mc00,model,baseline,MC,8,10008,20008,1000800,curve,sin_pi,0.0,1,40,121,0.01,0.025066282746310002,2000,2000,2000,0,173.0,0.0865,0.008399106310036205,0.008399106310036205,0.008399106310036205,0.00801162196410587,0.72,0.13618483394384384,ok
model-baseline-r08-mc01,model,baseline,MC,8,10008,20008,1000801,curve,sin_pi,0.0,1,40,121,0.01,0.025066282746310002,2000,2000,2000,0,169.0,0.0845,0.006171322516841391,0.006171322516841391,0.006171322516841391,0.005922285112838841,0.665,0.14171908283606172,ok
model-baseline-r08-mc02,model,baseline,MC,8,10008,20008,1000802,curve,sin_pi,0.0,1,40,121,0.01,0.025066282746310002,2000,2000,2000,0,169.0,0.0845,0.004983989475112432,0.004983989475112432,0.004983989475112432,0.004738018054048467,0.6,0.15167349996045232,ok
model-baseline-r08-mc03,model,baseline,MC,8,10008,20008,1000803,curve,sin_pi,0.0,1,40,121,0.01,0.025066282746310002,2000,2000,2000,0,176.0,0.088,0.004267477238289169,0.004267477238289169,0.004267477238289169,0.004007223729383663,0.495,0.13433812512084842,ok
model-baseline-r08-mc04,model,baseline,MC,8,10008,20008,1000804,curve,sin_pi,0.0,1,40,121,0.01,0.025066282746310002,2000,2000,2000,0,188.0,0.094,0.004787662831439044,0.004787662831439044,0.004787662831439044,0.004501301230997367,0.515,0.13786850008182228,ok
model-baseline-r09-gd,model,baseline,GD,9,10009,20009,20009,curve,sin_pi,0.0,1,40,121,0.01,0.025066282746310002,2000,2000,2000,2000,,,0.0032750829878609735,0.0032750829878609735,0.0032750829878609735,0.003141654442043506,0.465,0.20808141701854765,ok
model-baseline-r09-mc00,model,baseline,MC,9,10009,20009,1000900,curve,sin_pi,0.0,1,40,121,0.01,0.025066282746310002,2000,2000,2000,0,169.0,0.0845,0.007440371637359023,0.007440371637359023,0.007440371637359023,0.007076297762472571,0.685,0.1257796671707183,ok
model-baseline-r09-mc01,model,baseline,MC,9,10009,20009,1000901,curve,sin_pi,0.0,1,40,121,0.01,0.025066282746310002,2000,2000,2000,0,180.0,0.09,0.008136645951369854,0.008136645951369854,0.008136645951369854,0.007725266589625831,0.67,0.13265441707335413,ok
model-baseline-r09-mc02,model,baseline,MC,9,10009,20009,1000902,curve,sin_pi,0.0,1,40,121,0.01,0.025066282746310002,2000,2000,2000,0,183.0,0.0915,0.006581985245153823,0.006581985245153823,0.006581985245153823,0.006212931630199487,0.645,0.1357639159541577,ok
model-baseline-r09-mc03,model,baseline,MC,9,10009,20009,1000903,curve,sin_pi,0.0,1,40,121,0.01,0.025066282746310002,2000,2000,2000,0,169.0,0.0845,0.004933588391168505,0.004933588391168505,0.004933588391168505,0.004622612981731709,0.555,0.1396699589677155,ok
model-baseline-r09-mc04,model,baseline,MC,9,10009,20009,1000904,curve,sin_pi,0.0,1,40,121,0.01,0.025066282746310002,2000,2000,2000,0,186.0,0.093,0.007178567833170812,0.007178567833170812,0.007178567833170812,0.00686165034167969,0.67,0.13670641602948308,ok
model-baseline-r10-gd,model,baseline,GD,10,10010,20010,20010,curve,sin_pi,0.0,1,40,121,0.01,0.025066282746310002,2000,2000,2000,2000,,,0.002297298567979264,0.002297298567979264,0.002297298567979264,0.002214195770214977,0.35,0.19692320795729756,ok
model-baseline-r10-mc00,model,baseline,MC,10,10010,20010,1001000,curve,sin_pi,0.0,1,40,121,0.01,0.025066282746310002,2000,2000,2000,0,156.0,0.078,0.0057023152140842056,0.0057023152140842056,0.0057023152140842056,0.00541491929568352,0.625,0.15161854098550975,ok
model-baseline-r10-mc01,model,baseline,MC,10,10010,20010,1001001,curve,sin_pi,0.0,1,40,121,0.01,0.025066282746310002,2000,2000,2000,0,189.0,0.0945,0.00588361243607006,0.00588361243607006,0.00588361243607006,0.005720123417696722,0.59,0.1439029169268906,ok
model-baseline-r10-mc02,model,baseline,MC,10,10010,20010,1001002,curve,sin_pi,0.0,1,40,121,0.01,0.025066282746310002,2000,2000,2000,0,175.0,0.0875,0.005817178812676165,0.005817178812676165,0.005817178812676165,0.005514947826502855,0.535,0.14719166699796915,ok
model-baseline-r10-mc03,model,baseline,MC,10,10010,20010,1001003,curve,sin_pi,0.0,1,40,121,0.01,0.025066282746310002,2000,2000,2000,0,171.0,0.0855,0.006121436133599036,0.006121436133599036,0.006121436133599036,0.005803716797205929,0.615,0.15346099995076656,ok
model-baseline-r10-mc04,model,baseline,MC,10,10010,20010,1001004,curve,sin_pi,0.0,1,40,121,0.01,0.025066282746310002,2000,2000,2000,0,170.0,0.085,0.004486986866699474,0.004486986866699474,0.004486986866699474,0.004325750174766542,0.615,0.15556750004179776,ok
model-baseline-r11-gd,model,baseline,GD,11,10011,20011,20011,curve,sin_pi,0.0,1,40,121,0.01,0.025066282746310002,2000,2000,2000,2000,,,0.0031579245805846297,0.0031579245805846297,0.0031579245805846297,0.003029940204189553,0.455,0.2328613749705255,ok
model-baseline-r11-mc00,model,baseline,MC,11,10011,20011,1001100,curve,sin_pi,0.0,1,40,121,0.01,0.025066282746310002,2000,2000,2000,0,156.0,0.078,0.009047680733809318,0.009047680733809318,0.009047680733809318,0.008704409818808918,0.73,0.14059716695919633,ok
model-baseline-r11-mc01,model,baseline,MC,11,10011,20011,1001101,curve,sin_pi,0.0,1,40,121,0.01,0.025066282746310002,2000,2000,2000,0,147.0,0.0735,0.008812202402103776,0.008812202402103776,0.008812202402103776,0.008342809646559915,0.715,0.13140016701072454,ok
model-baseline-r11-mc02,model,baseline,MC,11,10011,20011,1001102,curve,sin_pi,0.0,1,40,121,0.01,0.025066282746310002,2000,2000,2000,0,150.0,0.075,0.008025997231451693,0.008025997231451693,0.008025997231451693,0.007641746407822082,0.7,0.1394255410414189,ok
model-baseline-r11-mc03,model,baseline,MC,11,10011,20011,1001103,curve,sin_pi,0.0,1,40,121,0.01,0.025066282746310002,2000,2000,2000,0,152.0,0.076,0.008024831515307836,0.008024831515307836,0.008024831515307836,0.007724215329260605,0.72,0.14872125000692904,ok
model-baseline-r11-mc04,model,baseline,MC,11,10011,20011,1001104,curve,sin_pi,0.0,1,40,121,0.01,0.025066282746310002,2000,2000,2000,0,159.0,0.0795,0.007042222440700094,0.007042222440700094,0.007042222440700094,0.006793706227966164,0.705,0.14342045807279646,ok
model-large-r00-gd,model,large,GD,0,10000,20000,20000,curve,sin_pi,0.0,2,40,1761,0.01,0.025066282746310002,2000,2000,2000,2000,,,0.0027828522355438172,0.0027828522355438172,0.0027828522355438172,0.0026738382282032445,0.415,0.41061512497253716,ok
model-large-r00-mc00,model,large,MC,0,10000,20000,1000000,curve,sin_pi,0.0,2,40,1761,0.01,0.025066282746310002,2000,2000,2000,0,111.0,0.0555,0.009625929421479634,0.009625929421479634,0.009625929421479634,0.009160071302803875,0.7,0.2523133750073612,ok
model-large-r00-mc01,model,large,MC,0,10000,20000,1000001,curve,sin_pi,0.0,2,40,1761,0.01,0.025066282746310002,2000,2000,2000,0,104.0,0.052,0.008312852083294861,0.008312852083294861,0.008312852083294861,0.00794249444696755,0.715,0.25233720801770687,ok
model-large-r00-mc02,model,large,MC,0,10000,20000,1000002,curve,sin_pi,0.0,2,40,1761,0.01,0.025066282746310002,2000,2000,2000,0,98.0,0.049,0.01892085813755665,0.01892085813755665,0.01892085813755665,0.017877100693525536,0.81,0.26601858297362924,ok
model-large-r00-mc03,model,large,MC,0,10000,20000,1000003,curve,sin_pi,0.0,2,40,1761,0.01,0.025066282746310002,2000,2000,2000,0,109.0,0.0545,0.012563185522059572,0.012563185522059572,0.012563185522059572,0.01187774247419626,0.74,0.2441309590358287,ok
model-large-r00-mc04,model,large,MC,0,10000,20000,1000004,curve,sin_pi,0.0,2,40,1761,0.01,0.025066282746310002,2000,2000,2000,0,123.0,0.0615,0.009044236314159066,0.009044236314159066,0.009044236314159066,0.008553665415137189,0.665,0.27374224993400276,ok
model-large-r01-gd,model,large,GD,1,10001,20001,20001,curve,sin_pi,0.0,2,40,1761,0.01,0.025066282746310002,2000,2000,2000,2000,,,0.0034325568041441447,0.0034325568041441447,0.0034325568041441447,0.0032867488154193665,0.47,0.40887029096484184,ok
model-large-r01-mc00,model,large,MC,1,10001,20001,1000100,curve,sin_pi,0.0,2,40,1761,0.01,0.025066282746310002,2000,2000,2000,0,103.0,0.0515,0.007091526338135068,0.007091526338135068,0.007091526338135068,0.006816415076390508,0.68,0.2704008750151843,ok
model-large-r01-mc01,model,large,MC,1,10001,20001,1000101,curve,sin_pi,0.0,2,40,1761,0.01,0.025066282746310002,2000,2000,2000,0,110.0,0.055,0.013991014931242022,0.013991014931242022,0.013991014931242022,0.013323575395259725,0.78,0.26594062498770654,ok
model-large-r01-mc02,model,large,MC,1,10001,20001,1000102,curve,sin_pi,0.0,2,40,1761,0.01,0.025066282746310002,2000,2000,2000,0,125.0,0.0625,0.007684146073655824,0.007684146073655824,0.007684146073655824,0.007318228430167497,0.585,0.2590567918960005,ok
model-large-r01-mc03,model,large,MC,1,10001,20001,1000103,curve,sin_pi,0.0,2,40,1761,0.01,0.025066282746310002,2000,2000,2000,0,116.0,0.058,0.014964560256216586,0.014964560256216586,0.014964560256216586,0.01418982661854475,0.775,0.24532845802605152,ok
model-large-r01-mc04,model,large,MC,1,10001,20001,1000104,curve,sin_pi,0.0,2,40,1761,0.01,0.025066282746310002,2000,2000,2000,0,123.0,0.0615,0.007257487660598746,0.007257487660598746,0.007257487660598746,0.006874065945731331,0.69,0.25617458391934633,ok
model-large-r02-gd,model,large,GD,2,10002,20002,20002,curve,sin_pi,0.0,2,40,1761,0.01,0.025066282746310002,2000,2000,2000,2000,,,0.0027486399594890115,0.0027486399594890115,0.0027486399594890115,0.0026527577675850345,0.375,0.39927454106509686,ok
model-large-r02-mc00,model,large,MC,2,10002,20002,1000200,curve,sin_pi,0.0,2,40,1761,0.01,0.025066282746310002,2000,2000,2000,0,107.0,0.0535,0.010031984885502545,0.010031984885502545,0.010031984885502545,0.009434450872116343,0.69,0.24950541695579886,ok
model-large-r02-mc01,model,large,MC,2,10002,20002,1000201,curve,sin_pi,0.0,2,40,1761,0.01,0.025066282746310002,2000,2000,2000,0,126.0,0.063,0.006896260258391046,0.006896260258391046,0.006896260258391046,0.0064747156743460935,0.555,0.23336429195478559,ok
model-large-r02-mc02,model,large,MC,2,10002,20002,1000202,curve,sin_pi,0.0,2,40,1761,0.01,0.025066282746310002,2000,2000,2000,0,114.0,0.057,0.011130949890546582,0.011130949890546582,0.011130949890546582,0.01076403227077867,0.745,0.2454122919589281,ok
model-large-r02-mc03,model,large,MC,2,10002,20002,1000203,curve,sin_pi,0.0,2,40,1761,0.01,0.025066282746310002,2000,2000,2000,0,99.0,0.0495,0.0072038200887637825,0.0072038200887637825,0.0072038200887637825,0.006869700585532161,0.695,0.2604151670821011,ok
model-large-r02-mc04,model,large,MC,2,10002,20002,1000204,curve,sin_pi,0.0,2,40,1761,0.01,0.025066282746310002,2000,2000,2000,0,102.0,0.051,0.009984326743882608,0.009984326743882608,0.009984326743882608,0.009538652364197547,0.725,0.24476570799015462,ok
model-large-r03-gd,model,large,GD,3,10003,20003,20003,curve,sin_pi,0.0,2,40,1761,0.01,0.025066282746310002,2000,2000,2000,2000,,,0.0024775272428688355,0.0024775272428688355,0.0024775272428688355,0.0023966563105052288,0.365,0.379096332937479,ok
model-large-r03-mc00,model,large,MC,3,10003,20003,1000300,curve,sin_pi,0.0,2,40,1761,0.01,0.025066282746310002,2000,2000,2000,0,112.0,0.056,0.008184400354422505,0.008184400354422505,0.008184400354422505,0.00781947929232513,0.63,0.2615165419410914,ok
model-large-r03-mc01,model,large,MC,3,10003,20003,1000301,curve,sin_pi,0.0,2,40,1761,0.01,0.025066282746310002,2000,2000,2000,0,105.0,0.0525,0.006047185976030533,0.006047185976030533,0.006047185976030533,0.005864481710608453,0.655,0.25268720812164247,ok
model-large-r03-mc02,model,large,MC,3,10003,20003,1000302,curve,sin_pi,0.0,2,40,1761,0.01,0.025066282746310002,2000,2000,2000,0,115.0,0.0575,0.006395155315943082,0.006395155315943082,0.006395155315943082,0.005974542444498953,0.525,0.24719724990427494,ok
model-large-r03-mc03,model,large,MC,3,10003,20003,1000303,curve,sin_pi,0.0,2,40,1761,0.01,0.025066282746310002,2000,2000,2000,0,117.0,0.0585,0.009499414551252668,0.009499414551252668,0.009499414551252668,0.00907308980595007,0.69,0.262126584071666,ok
model-large-r03-mc04,model,large,MC,3,10003,20003,1000304,curve,sin_pi,0.0,2,40,1761,0.01,0.025066282746310002,2000,2000,2000,0,114.0,0.057,0.012820887066392483,0.012820887066392483,0.012820887066392483,0.01223314983576514,0.73,0.25862404191866517,ok
model-large-r04-gd,model,large,GD,4,10004,20004,20004,curve,sin_pi,0.0,2,40,1761,0.01,0.025066282746310002,2000,2000,2000,2000,,,0.0026572942966822124,0.0026572942966822124,0.0026572942966822124,0.002551282136047468,0.4,0.4109309578780085,ok
model-large-r04-mc00,model,large,MC,4,10004,20004,1000400,curve,sin_pi,0.0,2,40,1761,0.01,0.025066282746310002,2000,2000,2000,0,92.0,0.046,0.008638565394279842,0.008638565394279842,0.008638565394279842,0.008080079633286488,0.63,0.2503637501504272,ok
model-large-r04-mc01,model,large,MC,4,10004,20004,1000401,curve,sin_pi,0.0,2,40,1761,0.01,0.025066282746310002,2000,2000,2000,0,97.0,0.0485,0.006402663701793649,0.006402663701793649,0.006402663701793649,0.0060783802443506564,0.585,0.2768015409819782,ok
model-large-r04-mc02,model,large,MC,4,10004,20004,1000402,curve,sin_pi,0.0,2,40,1761,0.01,0.025066282746310002,2000,2000,2000,0,116.0,0.058,0.007971057363140537,0.007971057363140537,0.007971057363140537,0.007652490128186073,0.705,0.3666123750153929,ok
model-large-r04-mc03,model,large,MC,4,10004,20004,1000403,curve,sin_pi,0.0,2,40,1761,0.01,0.025066282746310002,2000,2000,2000,0,98.0,0.049,0.009982826871398424,0.009982826871398424,0.009982826871398424,0.009374809758558247,0.695,0.25074458308517933,ok
model-large-r04-mc04,model,large,MC,4,10004,20004,1000404,curve,sin_pi,0.0,2,40,1761,0.01,0.025066282746310002,2000,2000,2000,0,96.0,0.048,0.010058866564795725,0.010058866564795725,0.010058866564795725,0.00954805556434441,0.705,0.2649367079138756,ok
model-large-r05-gd,model,large,GD,5,10005,20005,20005,curve,sin_pi,0.0,2,40,1761,0.01,0.025066282746310002,2000,2000,2000,2000,,,0.0025861037412112917,0.0025861037412112917,0.0025861037412112917,0.002496495684523305,0.365,0.3950559999793768,ok
model-large-r05-mc00,model,large,MC,5,10005,20005,1000500,curve,sin_pi,0.0,2,40,1761,0.01,0.025066282746310002,2000,2000,2000,0,92.0,0.046,0.009908190740462473,0.009908190740462473,0.009908190740462473,0.009454051710260238,0.65,0.23960212501697242,ok
model-large-r05-mc01,model,large,MC,5,10005,20005,1000501,curve,sin_pi,0.0,2,40,1761,0.01,0.025066282746310002,2000,2000,2000,0,95.0,0.0475,0.014185463150681804,0.014185463150681804,0.014185463150681804,0.013503379274488043,0.78,0.23564808280207217,ok
model-large-r05-mc02,model,large,MC,5,10005,20005,1000502,curve,sin_pi,0.0,2,40,1761,0.01,0.025066282746310002,2000,2000,2000,0,88.0,0.044,0.008431464318604247,0.008431464318604247,0.008431464318604247,0.007954923916278032,0.665,0.2427518751937896,ok
model-large-r05-mc03,model,large,MC,5,10005,20005,1000503,curve,sin_pi,0.0,2,40,1761,0.01,0.025066282746310002,2000,2000,2000,0,87.0,0.0435,0.011549492584150233,0.011549492584150233,0.011549492584150233,0.011113069593720562,0.76,0.2663302079308778,ok
model-large-r05-mc04,model,large,MC,5,10005,20005,1000504,curve,sin_pi,0.0,2,40,1761,0.01,0.025066282746310002,2000,2000,2000,0,107.0,0.0535,0.006427031149851636,0.006427031149851636,0.006427031149851636,0.006242799618409127,0.69,0.24532762495800853,ok
model-large-r06-gd,model,large,GD,6,10006,20006,20006,curve,sin_pi,0.0,2,40,1761,0.01,0.025066282746310002,2000,2000,2000,2000,,,0.0020119321379558856,0.0020119321379558856,0.0020119321379558856,0.0019567146859961753,0.335,0.3626396250911057,ok
model-large-r06-mc00,model,large,MC,6,10006,20006,1000600,curve,sin_pi,0.0,2,40,1761,0.01,0.025066282746310002,2000,2000,2000,0,107.0,0.0535,0.01102918840188507,0.01102918840188507,0.01102918840188507,0.010422988324073885,0.665,0.25990916695445776,ok
model-large-r06-mc01,model,large,MC,6,10006,20006,1000601,curve,sin_pi,0.0,2,40,1761,0.01,0.025066282746310002,2000,2000,2000,0,106.0,0.053,0.013349534749748638,0.013349534749748638,0.013349534749748638,0.012796852357176734,0.77,0.2433163330424577,ok
model-large-r06-mc02,model,large,MC,6,10006,20006,1000602,curve,sin_pi,0.0,2,40,1761,0.01,0.025066282746310002,2000,2000,2000,0,106.0,0.053,0.012049478220843048,0.012049478220843048,0.012049478220843048,0.011450177387746585,0.755,0.2620002501644194,ok
model-large-r06-mc03,model,large,MC,6,10006,20006,1000603,curve,sin_pi,0.0,2,40,1761,0.01,0.025066282746310002,2000,2000,2000,0,115.0,0.0575,0.01046717374787427,0.01046717374787427,0.01046717374787427,0.010122730024081657,0.745,0.2663282919675112,ok
model-large-r06-mc04,model,large,MC,6,10006,20006,1000604,curve,sin_pi,0.0,2,40,1761,0.01,0.025066282746310002,2000,2000,2000,0,95.0,0.0475,0.007644064561285776,0.007644064561285776,0.007644064561285776,0.007284523687999492,0.71,0.2604492499958724,ok
model-large-r07-gd,model,large,GD,7,10007,20007,20007,curve,sin_pi,0.0,2,40,1761,0.01,0.025066282746310002,2000,2000,2000,2000,,,0.0029332933928324606,0.0029332933928324606,0.0029332933928324606,0.0028187551350344416,0.425,0.42538229189813137,ok
model-large-r07-mc00,model,large,MC,7,10007,20007,1000700,curve,sin_pi,0.0,2,40,1761,0.01,0.025066282746310002,2000,2000,2000,0,86.0,0.043,0.00953416377342405,0.00953416377342405,0.00953416377342405,0.008940000985509143,0.645,0.2836351660080254,ok
model-large-r07-mc01,model,large,MC,7,10007,20007,1000701,curve,sin_pi,0.0,2,40,1761,0.01,0.025066282746310002,2000,2000,2000,0,102.0,0.051,0.007020108708061685,0.007020108708061685,0.007020108708061685,0.006603004328018245,0.65,0.2523530418984592,ok
model-large-r07-mc02,model,large,MC,7,10007,20007,1000702,curve,sin_pi,0.0,2,40,1761,0.01,0.025066282746310002,2000,2000,2000,0,99.0,0.0495,0.007854772222300282,0.007854772222300282,0.007854772222300282,0.0075599862004799906,0.715,0.26529441587626934,ok
model-large-r07-mc03,model,large,MC,7,10007,20007,1000703,curve,sin_pi,0.0,2,40,1761,0.01,0.025066282746310002,2000,2000,2000,0,105.0,0.0525,0.007389462503785373,0.007389462503785373,0.007389462503785373,0.006896677465739195,0.585,0.24938454199582338,ok
model-large-r07-mc04,model,large,MC,7,10007,20007,1000704,curve,sin_pi,0.0,2,40,1761,0.01,0.025066282746310002,2000,2000,2000,0,94.0,0.047,0.008665910810736931,0.008665910810736931,0.008665910810736931,0.008180191275086143,0.71,0.2562635832000524,ok
model-large-r08-gd,model,large,GD,8,10008,20008,20008,curve,sin_pi,0.0,2,40,1761,0.01,0.025066282746310002,2000,2000,2000,2000,,,0.004405179830288991,0.004405179830288991,0.004405179830288991,0.004216544730996559,0.525,0.4052899160888046,ok
model-large-r08-mc00,model,large,MC,8,10008,20008,1000800,curve,sin_pi,0.0,2,40,1761,0.01,0.025066282746310002,2000,2000,2000,0,113.0,0.0565,0.009784924571873943,0.009784924571873943,0.009784924571873943,0.009250386702507728,0.73,0.24374366691336036,ok
model-large-r08-mc01,model,large,MC,8,10008,20008,1000801,curve,sin_pi,0.0,2,40,1761,0.01,0.025066282746310002,2000,2000,2000,0,121.0,0.0605,0.008249417632881154,0.008249417632881154,0.008249417632881154,0.007728034548387512,0.65,0.24862204189412296,ok
model-large-r08-mc02,model,large,MC,8,10008,20008,1000802,curve,sin_pi,0.0,2,40,1761,0.01,0.025066282746310002,2000,2000,2000,0,105.0,0.0525,0.010930123232239252,0.010930123232239252,0.010930123232239252,0.010396859316840836,0.75,0.2346062078140676,ok
model-large-r08-mc03,model,large,MC,8,10008,20008,1000803,curve,sin_pi,0.0,2,40,1761,0.01,0.025066282746310002,2000,2000,2000,0,98.0,0.049,0.015835646992963356,0.015835646992963356,0.015835646992963356,0.015053966792091845,0.795,0.24490758311003447,ok
model-large-r08-mc04,model,large,MC,8,10008,20008,1000804,curve,sin_pi,0.0,2,40,1761,0.01,0.025066282746310002,2000,2000,2000,0,114.0,0.057,0.004965554354792785,0.004965554354792785,0.004965554354792785,0.004699016432028464,0.47,0.24238691688515246,ok
model-large-r09-gd,model,large,GD,9,10009,20009,20009,curve,sin_pi,0.0,2,40,1761,0.01,0.025066282746310002,2000,2000,2000,2000,,,0.002927084379978755,0.002927084379978755,0.002927084379978755,0.00281794679119854,0.43,0.3769675411749631,ok
model-large-r09-mc00,model,large,MC,9,10009,20009,1000900,curve,sin_pi,0.0,2,40,1761,0.01,0.025066282746310002,2000,2000,2000,0,95.0,0.0475,0.012049275532544932,0.012049275532544932,0.012049275532544932,0.011326477468015883,0.745,0.2541361248586327,ok
model-large-r09-mc01,model,large,MC,9,10009,20009,1000901,curve,sin_pi,0.0,2,40,1761,0.01,0.025066282746310002,2000,2000,2000,0,111.0,0.0555,0.006880514113934251,0.006880514113934251,0.006880514113934251,0.006416296884448361,0.48,0.2551972079090774,ok
model-large-r09-mc02,model,large,MC,9,10009,20009,1000902,curve,sin_pi,0.0,2,40,1761,0.01,0.025066282746310002,2000,2000,2000,0,107.0,0.0535,0.009196317708789925,0.009196317708789925,0.009196317708789925,0.00868056204793223,0.69,0.2746149580925703,ok
model-large-r09-mc03,model,large,MC,9,10009,20009,1000903,curve,sin_pi,0.0,2,40,1761,0.01,0.025066282746310002,2000,2000,2000,0,115.0,0.0575,0.009646053500025165,0.009646053500025165,0.009646053500025165,0.009055614578378344,0.71,0.2798737499397248,ok
model-large-r09-mc04,model,large,MC,9,10009,20009,1000904,curve,sin_pi,0.0,2,40,1761,0.01,0.025066282746310002,2000,2000,2000,0,109.0,0.0545,0.010776469360659053,0.010776469360659053,0.010776469360659053,0.010254439832115455,0.63,0.24379145889542997,ok
model-large-r10-gd,model,large,GD,10,10010,20010,20010,curve,sin_pi,0.0,2,40,1761,0.01,0.025066282746310002,2000,2000,2000,2000,,,0.0016667077520598392,0.0016667077520598392,0.0016667077520598392,0.0016278333073523824,0.305,0.3899819168727845,ok
model-large-r10-mc00,model,large,MC,10,10010,20010,1001000,curve,sin_pi,0.0,2,40,1761,0.01,0.025066282746310002,2000,2000,2000,0,114.0,0.057,0.008242236741116717,0.008242236741116717,0.008242236741116717,0.007787456125122814,0.66,0.26430316595360637,ok
model-large-r10-mc01,model,large,MC,10,10010,20010,1001001,curve,sin_pi,0.0,2,40,1761,0.01,0.025066282746310002,2000,2000,2000,0,93.0,0.0465,0.007615832404311396,0.007615832404311396,0.007615832404311396,0.007250430692983434,0.655,0.25827675010077655,ok
model-large-r10-mc02,model,large,MC,10,10010,20010,1001002,curve,sin_pi,0.0,2,40,1761,0.01,0.025066282746310002,2000,2000,2000,0,101.0,0.0505,0.007703634293181234,0.007703634293181234,0.007703634293181234,0.0073913175729679705,0.625,0.24590716720558703,ok
model-large-r10-mc03,model,large,MC,10,10010,20010,1001003,curve,sin_pi,0.0,2,40,1761,0.01,0.025066282746310002,2000,2000,2000,0,100.0,0.05,0.010777938935103783,0.010777938935103783,0.010777938935103783,0.010236950693284752,0.635,0.26412179111503065,ok
model-large-r10-mc04,model,large,MC,10,10010,20010,1001004,curve,sin_pi,0.0,2,40,1761,0.01,0.025066282746310002,2000,2000,2000,0,108.0,0.054,0.007681365756323193,0.007681365756323193,0.007681365756323193,0.007269861370168523,0.685,0.259227333124727,ok
model-large-r11-gd,model,large,GD,11,10011,20011,20011,curve,sin_pi,0.0,2,40,1761,0.01,0.025066282746310002,2000,2000,2000,2000,,,0.0026766188197645713,0.0026766188197645713,0.0026766188197645713,0.0025706219096620336,0.405,0.40383279090747237,ok
model-large-r11-mc00,model,large,MC,11,10011,20011,1001100,curve,sin_pi,0.0,2,40,1761,0.01,0.025066282746310002,2000,2000,2000,0,94.0,0.047,0.005435420579266208,0.005435420579266208,0.005435420579266208,0.005247432264449063,0.57,0.2557030420284718,ok
model-large-r11-mc01,model,large,MC,11,10011,20011,1001101,curve,sin_pi,0.0,2,40,1761,0.01,0.025066282746310002,2000,2000,2000,0,104.0,0.052,0.011931026830261293,0.011931026830261293,0.011931026830261293,0.01146052211357146,0.765,0.2609415410552174,ok
model-large-r11-mc02,model,large,MC,11,10011,20011,1001102,curve,sin_pi,0.0,2,40,1761,0.01,0.025066282746310002,2000,2000,2000,0,106.0,0.053,0.013017570634890509,0.013017570634890509,0.013017570634890509,0.012306425294685081,0.695,0.24384245881810784,ok
model-large-r11-mc03,model,large,MC,11,10011,20011,1001103,curve,sin_pi,0.0,2,40,1761,0.01,0.025066282746310002,2000,2000,2000,0,109.0,0.0545,0.007860788295439446,0.007860788295439446,0.007860788295439446,0.007523973524863439,0.705,0.2318539589177817,ok
model-large-r11-mc04,model,large,MC,11,10011,20011,1001104,curve,sin_pi,0.0,2,40,1761,0.01,0.025066282746310002,2000,2000,2000,0,105.0,0.0525,0.005376892674909024,0.005376892674909024,0.005376892674909024,0.005084639842177138,0.605,0.2652739998884499,ok
noise-0.00-r00-gd,noise,0.00,GD,0,10000,20000,20000,curve,sin_pi,0.0,1,40,121,0.01,0.025066282746310002,2000,2000,2000,2000,,,0.001985642889293645,0.001985642889293645,0.001985642889293645,0.001918349226667956,0.305,0.22421620786190033,ok
noise-0.00-r00-mc00,noise,0.00,MC,0,10000,20000,1000000,curve,sin_pi,0.0,1,40,121,0.01,0.025066282746310002,2000,2000,2000,0,198.0,0.099,0.004824279001847687,0.004824279001847687,0.004824279001847687,0.004559480087349664,0.555,0.15169016690924764,ok
noise-0.00-r00-mc01,noise,0.00,MC,0,10000,20000,1000001,curve,sin_pi,0.0,1,40,121,0.01,0.025066282746310002,2000,2000,2000,0,167.0,0.0835,0.009431927808152824,0.009431927808152824,0.009431927808152824,0.009000443939765335,0.74,0.13754004216752946,ok
noise-0.00-r00-mc02,noise,0.00,MC,0,10000,20000,1000002,curve,sin_pi,0.0,1,40,121,0.01,0.025066282746310002,2000,2000,2000,0,183.0,0.0915,0.00404016132635581,0.00404016132635581,0.00404016132635581,0.0038647707673374727,0.595,0.1445701669435948,ok
noise-0.00-r00-mc03,noise,0.00,MC,0,10000,20000,1000003,curve,sin_pi,0.0,1,40,121,0.01,0.025066282746310002,2000,2000,2000,0,178.0,0.089,0.0025764828643082285,0.0025764828643082285,0.0025764828643082285,0.0025062468091390545,0.465,0.13639733311720192,ok
noise-0.00-r00-mc04,noise,0.00,MC,0,10000,20000,1000004,curve,sin_pi,0.0,1,40,121,0.01,0.025066282746310002,2000,2000,2000,0,174.0,0.087,0.005847548963348853,0.005847548963348853,0.005847548963348853,0.005569363478539061,0.65,0.13349320809356868,ok
noise-0.00-r01-gd,noise,0.00,GD,1,10001,20001,20001,curve,sin_pi,0.0,1,40,121,0.01,0.025066282746310002,2000,2000,2000,2000,,,0.003205947713362968,0.003205947713362968,0.003205947713362968,0.00307562636984101,0.46,0.21788945910520852,ok
noise-0.00-r01-mc00,noise,0.00,MC,1,10001,20001,1000100,curve,sin_pi,0.0,1,40,121,0.01,0.025066282746310002,2000,2000,2000,0,184.0,0.092,0.006684218668639009,0.006684218668639009,0.006684218668639009,0.00633247767935081,0.64,0.13825937500223517,ok
noise-0.00-r01-mc01,noise,0.00,MC,1,10001,20001,1000101,curve,sin_pi,0.0,1,40,121,0.01,0.025066282746310002,2000,2000,2000,0,179.0,0.0895,0.005524408104454175,0.005524408104454175,0.005524408104454175,0.005257913351721413,0.64,0.127104917075485,ok
noise-0.00-r01-mc02,noise,0.00,MC,1,10001,20001,1000102,curve,sin_pi,0.0,1,40,121,0.01,0.025066282746310002,2000,2000,2000,0,181.0,0.0905,0.008835144785144265,0.008835144785144265,0.008835144785144265,0.008479198140004349,0.725,0.1315002921037376,ok
noise-0.00-r01-mc03,noise,0.00,MC,1,10001,20001,1000103,curve,sin_pi,0.0,1,40,121,0.01,0.025066282746310002,2000,2000,2000,0,186.0,0.093,0.004935514687350543,0.004935514687350543,0.004935514687350543,0.00466797436757985,0.605,0.13336016703397036,ok
noise-0.00-r01-mc04,noise,0.00,MC,1,10001,20001,1000104,curve,sin_pi,0.0,1,40,121,0.01,0.025066282746310002,2000,2000,2000,0,169.0,0.0845,0.006227986723161474,0.006227986723161474,0.006227986723161474,0.005921644050969146,0.625,0.13425537501461804,ok
noise-0.00-r02-gd,noise,0.00,GD,2,10002,20002,20002,curve,sin_pi,0.0,1,40,121,0.01,0.025066282746310002,2000,2000,2000,2000,,,0.003250562411522329,0.003250562411522329,0.003250562411522329,0.0031197891539250025,0.46,0.19306341698393226,ok
noise-0.00-r02-mc00,noise,0.00,MC,2,10002,20002,1000200,curve,sin_pi,0.0,1,40,121,0.01,0.025066282746310002,2000,2000,2000,0,174.0,0.087,0.00854644821933508,0.00854644821933508,0.00854644821933508,0.00816501868729348,0.7,0.12909825006499887,ok
noise-0.00-r02-mc01,noise,0.00,MC,2,10002,20002,1000201,curve,sin_pi,0.0,1,40,121,0.01,0.025066282746310002,2000,2000,2000,0,172.0,0.086,0.0075666944984098695,0.0075666944984098695,0.0075666944984098695,0.007224781667973953,0.68,0.15345337498001754,ok
noise-0.00-r02-mc02,noise,0.00,MC,2,10002,20002,1000202,curve,sin_pi,0.0,1,40,121,0.01,0.025066282746310002,2000,2000,2000,0,178.0,0.089,0.00653273821212066,0.00653273821212066,0.00653273821212066,0.006259650568628178,0.665,0.14385175006464124,ok
noise-0.00-r02-mc03,noise,0.00,MC,2,10002,20002,1000203,curve,sin_pi,0.0,1,40,121,0.01,0.025066282746310002,2000,2000,2000,0,175.0,0.0875,0.0056659334460975866,0.0056659334460975866,0.0056659334460975866,0.005436399486844946,0.65,0.13428137497976422,ok
noise-0.00-r02-mc04,noise,0.00,MC,2,10002,20002,1000204,curve,sin_pi,0.0,1,40,121,0.01,0.025066282746310002,2000,2000,2000,0,174.0,0.087,0.008604487142556795,0.008604487142556795,0.008604487142556795,0.008106087123599946,0.705,0.14116854197345674,ok
noise-0.00-r03-gd,noise,0.00,GD,3,10003,20003,20003,curve,sin_pi,0.0,1,40,121,0.01,0.025066282746310002,2000,2000,2000,2000,,,0.002089820326320823,0.002089820326320823,0.002089820326320823,0.002016492345207932,0.315,0.22833487507887185,ok
noise-0.00-r03-mc00,noise,0.00,MC,3,10003,20003,1000300,curve,sin_pi,0.0,1,40,121,0.01,0.025066282746310002,2000,2000,2000,0,170.0,0.085,0.005619203434362969,0.005619203434362969,0.005619203434362969,0.005435697383758891,0.615,0.14074249984696507,ok
noise-0.00-r03-mc01,noise,0.00,MC,3,10003,20003,1000301,curve,sin_pi,0.0,1,40,121,0.01,0.025066282746310002,2000,2000,2000,0,188.0,0.094,0.0024347577223183623,0.0024347577223183623,0.0024347577223183623,0.0023366397043479265,0.4,0.14006541692651808,ok
noise-0.00-r03-mc02,noise,0.00,MC,3,10003,20003,1000302,curve,sin_pi,0.0,1,40,121,0.01,0.025066282746310002,2000,2000,2000,0,167.0,0.0835,0.007152652925959682,0.007152652925959682,0.007152652925959682,0.006865518018052181,0.69,0.13296062499284744,ok
noise-0.00-r03-mc03,noise,0.00,MC,3,10003,20003,1000303,curve,sin_pi,0.0,1,40,121,0.01,0.025066282746310002,2000,2000,2000,0,168.0,0.084,0.005418158115086805,0.005418158115086805,0.005418158115086805,0.005251121977510033,0.645,0.13171445787884295,ok
noise-0.00-r03-mc04,noise,0.00,MC,3,10003,20003,1000304,curve,sin_pi,0.0,1,40,121,0.01,0.025066282746310002,2000,2000,2000,0,178.0,0.089,0.004568226303724158,0.004568226303724158,0.004568226303724158,0.004345048142190774,0.59,0.12003429187461734,ok
noise-0.00-r04-gd,noise,0.00,GD,4,10004,20004,20004,curve,sin_pi,0.0,1,40,121,0.01,0.025066282746310002,2000,2000,2000,2000,,,0.0032569319978717646,0.0032569319978717646,0.0032569319978717646,0.003125755777245492,0.465,0.19379908288829029,ok
noise-0.00-r04-mc00,noise,0.00,MC,4,10004,20004,1000400,curve,sin_pi,0.0,1,40,121,0.01,0.025066282746310002,2000,2000,2000,0,194.0,0.097,0.004187254415400496,0.004187254415400496,0.004187254415400496,0.003845105492664023,0.355,0.11942987493239343,ok
noise-0.00-r04-mc01,noise,0.00,MC,4,10004,20004,1000401,curve,sin_pi,0.0,1,40,121,0.01,0.025066282746310002,2000,2000,2000,0,197.0,0.0985,0.004476794477224196,0.004476794477224196,0.004476794477224196,0.0041655276970309855,0.395,0.13161354209296405,ok
noise-0.00-r04-mc02,noise,0.00,MC,4,10004,20004,1000402,curve,sin_pi,0.0,1,40,121,0.01,0.025066282746310002,2000,2000,2000,0,172.0,0.086,0.007523846421897367,0.007523846421897367,0.007523846421897367,0.00715165067406025,0.695,0.13647133414633572,ok
noise-0.00-r04-mc03,noise,0.00,MC,4,10004,20004,1000403,curve,sin_pi,0.0,1,40,121,0.01,0.025066282746310002,2000,2000,2000,0,191.0,0.0955,0.008548625123688496,0.008548625123688496,0.008548625123688496,0.00814659208317158,0.72,0.126793917035684,ok
noise-0.00-r04-mc04,noise,0.00,MC,4,10004,20004,1000404,curve,sin_pi,0.0,1,40,121,0.01,0.025066282746310002,2000,2000,2000,0,194.0,0.097,0.003612446105737926,0.003612446105737926,0.003612446105737926,0.003364014016791482,0.335,0.11349291703663766,ok
noise-0.00-r05-gd,noise,0.00,GD,5,10005,20005,20005,curve,sin_pi,0.0,1,40,121,0.01,0.025066282746310002,2000,2000,2000,2000,,,0.0021474248401241003,0.0021474248401241003,0.0021474248401241003,0.0020720150909376124,0.32,0.18900324986316264,ok
noise-0.00-r05-mc00,noise,0.00,MC,5,10005,20005,1000500,curve,sin_pi,0.0,1,40,121,0.01,0.025066282746310002,2000,2000,2000,0,179.0,0.0895,0.008094770699162892,0.008094770699162892,0.008094770699162892,0.00776049689793862,0.72,0.1229929169639945,ok
noise-0.00-r05-mc01,noise,0.00,MC,5,10005,20005,1000501,curve,sin_pi,0.0,1,40,121,0.01,0.025066282746310002,2000,2000,2000,0,192.0,0.096,0.0032422737025542903,0.0032422737025542903,0.0032422737025542903,0.003067065691957321,0.495,0.13066495815292,ok
noise-0.00-r05-mc02,noise,0.00,MC,5,10005,20005,1000502,curve,sin_pi,0.0,1,40,121,0.01,0.025066282746310002,2000,2000,2000,0,185.0,0.0925,0.004768571429398486,0.004768571429398486,0.004768571429398486,0.004468281048060406,0.435,0.12408437510021031,ok
noise-0.00-r05-mc03,noise,0.00,MC,5,10005,20005,1000503,curve,sin_pi,0.0,1,40,121,0.01,0.025066282746310002,2000,2000,2000,0,169.0,0.0845,0.006695111565758676,0.006695111565758676,0.006695111565758676,0.006436932036180546,0.685,0.12420137505978346,ok
noise-0.00-r05-mc04,noise,0.00,MC,5,10005,20005,1000504,curve,sin_pi,0.0,1,40,121,0.01,0.025066282746310002,2000,2000,2000,0,179.0,0.0895,0.005962602606414925,0.005962602606414925,0.005962602606414925,0.005712603868307362,0.66,0.14248054195195436,ok
noise-0.00-r06-gd,noise,0.00,GD,6,10006,20006,20006,curve,sin_pi,0.0,1,40,121,0.01,0.025066282746310002,2000,2000,2000,2000,,,0.002305827396378898,0.002305827396378898,0.002305827396378898,0.0022216162757435092,0.365,0.21473604207858443,ok
noise-0.00-r06-mc00,noise,0.00,MC,6,10006,20006,1000600,curve,sin_pi,0.0,1,40,121,0.01,0.025066282746310002,2000,2000,2000,0,163.0,0.0815,0.00614043266890329,0.00614043266890329,0.00614043266890329,0.005854653206707187,0.63,0.12940204213373363,ok
noise-0.00-r06-mc01,noise,0.00,MC,6,10006,20006,1000601,curve,sin_pi,0.0,1,40,121,0.01,0.025066282746310002,2000,2000,2000,0,199.0,0.0995,0.0032346384887206605,0.0032346384887206605,0.0032346384887206605,0.00303916822729957,0.43,0.15276612504385412,ok
noise-0.00-r06-mc02,noise,0.00,MC,6,10006,20006,1000602,curve,sin_pi,0.0,1,40,121,0.01,0.025066282746310002,2000,2000,2000,0,176.0,0.088,0.008445329587903108,0.008445329587903108,0.008445329587903108,0.008018248289805234,0.705,0.15080525004304945,ok
noise-0.00-r06-mc03,noise,0.00,MC,6,10006,20006,1000603,curve,sin_pi,0.0,1,40,121,0.01,0.025066282746310002,2000,2000,2000,0,194.0,0.097,0.007241644128721144,0.007241644128721144,0.007241644128721144,0.006875957029690836,0.675,0.15048541594296694,ok
noise-0.00-r06-mc04,noise,0.00,MC,6,10006,20006,1000604,curve,sin_pi,0.0,1,40,121,0.01,0.025066282746310002,2000,2000,2000,0,171.0,0.0855,0.008977917297693615,0.008977917297693615,0.008977917297693615,0.008474111635273908,0.7,0.14453720906749368,ok
noise-0.00-r07-gd,noise,0.00,GD,7,10007,20007,20007,curve,sin_pi,0.0,1,40,121,0.01,0.025066282746310002,2000,2000,2000,2000,,,0.00245302075248255,0.00245302075248255,0.00245302075248255,0.002361381777431905,0.39,0.23341216705739498,ok
noise-0.00-r07-mc00,noise,0.00,MC,7,10007,20007,1000700,curve,sin_pi,0.0,1,40,121,0.01,0.025066282746310002,2000,2000,2000,0,170.0,0.085,0.00265456374955906,0.00265456374955906,0.00265456374955906,0.0025860037423012013,0.48,0.14273424982093275,ok
noise-0.00-r07-mc01,noise,0.00,MC,7,10007,20007,1000701,curve,sin_pi,0.0,1,40,121,0.01,0.025066282746310002,2000,2000,2000,0,179.0,0.0895,0.008531268990587579,0.008531268990587579,0.008531268990587579,0.008159897726474132,0.71,0.15289591695182025,ok
noise-0.00-r07-mc02,noise,0.00,MC,7,10007,20007,1000702,curve,sin_pi,0.0,1,40,121,0.01,0.025066282746310002,2000,2000,2000,0,173.0,0.0865,0.00579721669294972,0.00579721669294972,0.00579721669294972,0.00547896823745167,0.62,0.15713483397848904,ok
noise-0.00-r07-mc03,noise,0.00,MC,7,10007,20007,1000703,curve,sin_pi,0.0,1,40,121,0.01,0.025066282746310002,2000,2000,2000,0,188.0,0.094,0.004686330261333432,0.004686330261333432,0.004686330261333432,0.004417620094708975,0.545,0.15808245819061995,ok
noise-0.00-r07-mc04,noise,0.00,MC,7,10007,20007,1000704,curve,sin_pi,0.0,1,40,121,0.01,0.025066282746310002,2000,2000,2000,0,160.0,0.08,0.004188300773422295,0.004188300773422295,0.004188300773422295,0.004063957313061529,0.56,0.1385912080295384,ok
noise-0.00-r08-gd,noise,0.00,GD,8,10008,20008,20008,curve,sin_pi,0.0,1,40,121,0.01,0.025066282746310002,2000,2000,2000,2000,,,0.002255075215898509,0.002255075215898509,0.002255075215898509,0.002174780301912544,0.34,0.2110357501078397,ok
noise-0.00-r08-mc00,noise,0.00,MC,8,10008,20008,1000800,curve,sin_pi,0.0,1,40,121,0.01,0.025066282746310002,2000,2000,2000,0,173.0,0.0865,0.008399106310036205,0.008399106310036205,0.008399106310036205,0.00801162196410587,0.72,0.1355108751449734,ok
noise-0.00-r08-mc01,noise,0.00,MC,8,10008,20008,1000801,curve,sin_pi,0.0,1,40,121,0.01,0.025066282746310002,2000,2000,2000,0,169.0,0.0845,0.006171322516841391,0.006171322516841391,0.006171322516841391,0.005922285112838841,0.665,0.1396768749691546,ok
noise-0.00-r08-mc02,noise,0.00,MC,8,10008,20008,1000802,curve,sin_pi,0.0,1,40,121,0.01,0.025066282746310002,2000,2000,2000,0,169.0,0.0845,0.004983989475112432,0.004983989475112432,0.004983989475112432,0.004738018054048467,0.6,0.1252179997973144,ok
noise-0.00-r08-mc03,noise,0.00,MC,8,10008,20008,1000803,curve,sin_pi,0.0,1,40,121,0.01,0.025066282746310002,2000,2000,2000,0,176.0,0.088,0.004267477238289169,0.004267477238289169,0.004267477238289169,0.004007223729383663,0.495,0.10849916702136397,ok
noise-0.00-r08-mc04,noise,0.00,MC,8,10008,20008,1000804,curve,sin_pi,0.0,1,40,121,0.01,0.025066282746310002,2000,2000,2000,0,188.0,0.094,0.004787662831439044,0.004787662831439044,0.004787662831439044,0.004501301230997367,0.515,0.13725695782341063,ok
noise-0.00-r09-gd,noise,0.00,GD,9,10009,20009,20009,curve,sin_pi,0.0,1,40,121,0.01,0.025066282746310002,2000,2000,2000,2000,,,0.0032750829878609735,0.0032750829878609735,0.0032750829878609735,0.003141654442043506,0.465,0.2148279589600861,ok
noise-0.00-r09-mc00,noise,0.00,MC,9,10009,20009,1000900,curve,sin_pi,0.0,1,40,121,0.01,0.025066282746310002,2000,2000,2000,0,169.0,0.0845,0.007440371637359023,0.007440371637359023,0.007440371637359023,0.007076297762472571,0.685,0.1413472080603242,ok
noise-0.00-r09-mc01,noise,0.00,MC,9,10009,20009,1000901,curve,sin_pi,0.0,1,40,121,0.01,0.025066282746310002,2000,2000,2000,0,180.0,0.09,0.008136645951369854,0.008136645951369854,0.008136645951369854,0.007725266589625831,0.67,0.1078013340011239,ok
noise-0.00-r09-mc02,noise,0.00,MC,9,10009,20009,1000902,curve,sin_pi,0.0,1,40,121,0.01,0.025066282746310002,2000,2000,2000,0,183.0,0.0915,0.006581985245153823,0.006581985245153823,0.006581985245153823,0.006212931630199487,0.645,0.12941241590306163,ok
noise-0.00-r09-mc03,noise,0.00,MC,9,10009,20009,1000903,curve,sin_pi,0.0,1,40,121,0.01,0.025066282746310002,2000,2000,2000,0,169.0,0.0845,0.004933588391168505,0.004933588391168505,0.004933588391168505,0.004622612981731709,0.555,0.14781816699542105,ok
noise-0.00-r09-mc04,noise,0.00,MC,9,10009,20009,1000904,curve,sin_pi,0.0,1,40,121,0.01,0.025066282746310002,2000,2000,2000,0,186.0,0.093,0.007178567833170812,0.007178567833170812,0.007178567833170812,0.00686165034167969,0.67,0.13204883318394423,ok
noise-0.00-r10-gd,noise,0.00,GD,10,10010,20010,20010,curve,sin_pi,0.0,1,40,121,0.01,0.025066282746310002,2000,2000,2000,2000,,,0.002297298567979264,0.002297298567979264,0.002297298567979264,0.002214195770214977,0.35,0.21382174990139902,ok
noise-0.00-r10-mc00,noise,0.00,MC,10,10010,20010,1001000,curve,sin_pi,0.0,1,40,121,0.01,0.025066282746310002,2000,2000,2000,0,156.0,0.078,0.0057023152140842056,0.0057023152140842056,0.0057023152140842056,0.00541491929568352,0.625,0.09936733404174447,ok
noise-0.00-r10-mc01,noise,0.00,MC,10,10010,20010,1001001,curve,sin_pi,0.0,1,40,121,0.01,0.025066282746310002,2000,2000,2000,0,189.0,0.0945,0.00588361243607006,0.00588361243607006,0.00588361243607006,0.005720123417696722,0.59,0.12132333288900554,ok
noise-0.00-r10-mc02,noise,0.00,MC,10,10010,20010,1001002,curve,sin_pi,0.0,1,40,121,0.01,0.025066282746310002,2000,2000,2000,0,175.0,0.0875,0.005817178812676165,0.005817178812676165,0.005817178812676165,0.005514947826502855,0.535,0.14110650005750358,ok
noise-0.00-r10-mc03,noise,0.00,MC,10,10010,20010,1001003,curve,sin_pi,0.0,1,40,121,0.01,0.025066282746310002,2000,2000,2000,0,171.0,0.0855,0.006121436133599036,0.006121436133599036,0.006121436133599036,0.005803716797205929,0.615,0.14032079093158245,ok
noise-0.00-r10-mc04,noise,0.00,MC,10,10010,20010,1001004,curve,sin_pi,0.0,1,40,121,0.01,0.025066282746310002,2000,2000,2000,0,170.0,0.085,0.004486986866699474,0.004486986866699474,0.004486986866699474,0.004325750174766542,0.615,0.1334082919638604,ok
noise-0.00-r11-gd,noise,0.00,GD,11,10011,20011,20011,curve,sin_pi,0.0,1,40,121,0.01,0.025066282746310002,2000,2000,2000,2000,,,0.0031579245805846297,0.0031579245805846297,0.0031579245805846297,0.003029940204189553,0.455,0.1942128329537809,ok
noise-0.00-r11-mc00,noise,0.00,MC,11,10011,20011,1001100,curve,sin_pi,0.0,1,40,121,0.01,0.025066282746310002,2000,2000,2000,0,156.0,0.078,0.009047680733809318,0.009047680733809318,0.009047680733809318,0.008704409818808918,0.73,0.1281929169781506,ok
noise-0.00-r11-mc01,noise,0.00,MC,11,10011,20011,1001101,curve,sin_pi,0.0,1,40,121,0.01,0.025066282746310002,2000,2000,2000,0,147.0,0.0735,0.008812202402103776,0.008812202402103776,0.008812202402103776,0.008342809646559915,0.715,0.14936366700567305,ok
noise-0.00-r11-mc02,noise,0.00,MC,11,10011,20011,1001102,curve,sin_pi,0.0,1,40,121,0.01,0.025066282746310002,2000,2000,2000,0,150.0,0.075,0.008025997231451693,0.008025997231451693,0.008025997231451693,0.007641746407822082,0.7,0.1413892910350114,ok
noise-0.00-r11-mc03,noise,0.00,MC,11,10011,20011,1001103,curve,sin_pi,0.0,1,40,121,0.01,0.025066282746310002,2000,2000,2000,0,152.0,0.076,0.008024831515307836,0.008024831515307836,0.008024831515307836,0.007724215329260605,0.72,0.14788029179908335,ok
noise-0.00-r11-mc04,noise,0.00,MC,11,10011,20011,1001104,curve,sin_pi,0.0,1,40,121,0.01,0.025066282746310002,2000,2000,2000,0,159.0,0.0795,0.007042222440700094,0.007042222440700094,0.007042222440700094,0.006793706227966164,0.705,0.13412424991838634,ok
noise-0.10-r00-gd,noise,0.10,GD,0,10000,20000,20000,curve,sin_pi,0.1,1,40,121,0.01,0.025066282746310002,2000,2000,2000,2000,,,0.012223647975080411,0.012223647975080411,0.0023194533598973927,0.0022599140701920735,0.59,0.208693333202973,ok
noise-0.10-r00-mc00,noise,0.10,MC,0,10000,20000,1000000,curve,sin_pi,0.1,1,40,121,0.01,0.025066282746310002,2000,2000,2000,0,205.0,0.1025,0.014986705508865807,0.014986705508865807,0.00479774544243098,0.004573459365452005,0.645,0.12653512507677078,ok
noise-0.10-r00-mc01,noise,0.10,MC,0,10000,20000,1000001,curve,sin_pi,0.1,1,40,121,0.01,0.025066282746310002,2000,2000,2000,0,178.0,0.089,0.01830724633062851,0.01830724633062851,0.008058109343528106,0.007667314965874487,0.69,0.12700862484052777,ok
noise-0.10-r00-mc02,noise,0.10,MC,0,10000,20000,1000002,curve,sin_pi,0.1,1,40,121,0.01,0.025066282746310002,2000,2000,2000,0,180.0,0.09,0.018370666984876875,0.018370666984876875,0.007740713622125142,0.007445079590263239,0.71,0.12067191698588431,ok
noise-0.10-r00-mc03,noise,0.10,MC,0,10000,20000,1000003,curve,sin_pi,0.1,1,40,121,0.01,0.025066282746310002,2000,2000,2000,0,196.0,0.098,0.014523180188618099,0.014523180188618099,0.004116072950297154,0.003908777211805062,0.64,0.11446275003254414,ok
noise-0.10-r00-mc04,noise,0.10,MC,0,10000,20000,1000004,curve,sin_pi,0.1,1,40,121,0.01,0.025066282746310002,2000,2000,2000,0,165.0,0.0825,0.016187522884824317,0.016187522884824317,0.005790153155577766,0.005528259731943294,0.665,0.13484204094856977,ok
noise-0.10-r01-gd,noise,0.10,GD,1,10001,20001,20001,curve,sin_pi,0.1,1,40,121,0.01,0.025066282746310002,2000,2000,2000,2000,,,0.011543954293282761,0.011543954293282761,0.0033974999594409893,0.003275576204506099,0.62,0.20285508316010237,ok
noise-0.10-r01-mc00,noise,0.10,MC,1,10001,20001,1000100,curve,sin_pi,0.1,1,40,121,0.01,0.025066282746310002,2000,2000,2000,0,174.0,0.087,0.013518031211732276,0.013518031211732276,0.005314940791549673,0.005066846710239736,0.65,0.10686449985951185,ok
noise-0.10-r01-mc01,noise,0.10,MC,1,10001,20001,1000101,curve,sin_pi,0.1,1,40,121,0.01,0.025066282746310002,2000,2000,2000,0,198.0,0.099,0.01780006135404445,0.01780006135404445,0.009182405058893638,0.008694560505233869,0.705,0.12934425007551908,ok
noise-0.10-r01-mc02,noise,0.10,MC,1,10001,20001,1000102,curve,sin_pi,0.1,1,40,121,0.01,0.025066282746310002,2000,2000,2000,0,169.0,0.0845,0.014733583856979622,0.014733583856979622,0.006674848056936939,0.006439465756412604,0.7,0.11988254101015627,ok
noise-0.10-r01-mc03,noise,0.10,MC,1,10001,20001,1000103,curve,sin_pi,0.1,1,40,121,0.01,0.025066282746310002,2000,2000,2000,0,197.0,0.0985,0.012363564783714271,0.012363564783714271,0.00449523522354116,0.00428359078468811,0.65,0.12684337492100894,ok
noise-0.10-r01-mc04,noise,0.10,MC,1,10001,20001,1000104,curve,sin_pi,0.1,1,40,121,0.01,0.025066282746310002,2000,2000,2000,0,158.0,0.079,0.016645964572172756,0.016645964572172756,0.00841420184121625,0.008072452490139369,0.73,0.14226987515576184,ok
noise-0.10-r02-gd,noise,0.10,GD,2,10002,20002,20002,curve,sin_pi,0.1,1,40,121,0.01,0.025066282746310002,2000,2000,2000,2000,,,0.012556453595183058,0.012556453595183058,0.0037332126596452443,0.0035408918388190208,0.68,0.2181144580245018,ok
noise-0.10-r02-mc00,noise,0.10,MC,2,10002,20002,1000200,curve,sin_pi,0.1,1,40,121,0.01,0.025066282746310002,2000,2000,2000,0,176.0,0.088,0.01271743591582546,0.01271743591582546,0.004057465494134823,0.003772134127189163,0.67,0.13056108285672963,ok
noise-0.10-r02-mc01,noise,0.10,MC,2,10002,20002,1000201,curve,sin_pi,0.1,1,40,121,0.01,0.025066282746310002,2000,2000,2000,0,186.0,0.093,0.016250120133691984,0.016250120133691984,0.007718860470695429,0.007277777456379536,0.775,0.12845466611906886,ok
noise-0.10-r02-mc02,noise,0.10,MC,2,10002,20002,1000202,curve,sin_pi,0.1,1,40,121,0.01,0.025066282746310002,2000,2000,2000,0,171.0,0.0855,0.013117635996135756,0.013117635996135756,0.0038839329624442156,0.003706055019458596,0.685,0.12362991692498326,ok
noise-0.10-r02-mc03,noise,0.10,MC,2,10002,20002,1000203,curve,sin_pi,0.1,1,40,121,0.01,0.025066282746310002,2000,2000,2000,0,169.0,0.0845,0.012194451065506784,0.012194451065506784,0.0032221343685427096,0.0030500784137319865,0.665,0.12624929193407297,ok
noise-0.10-r02-mc04,noise,0.10,MC,2,10002,20002,1000204,curve,sin_pi,0.1,1,40,121,0.01,0.025066282746310002,2000,2000,2000,0,183.0,0.0915,0.01634718593651206,0.01634718593651206,0.007707817780132711,0.007234611570925308,0.74,0.12765787495300174,ok
noise-0.10-r03-gd,noise,0.10,GD,3,10003,20003,20003,curve,sin_pi,0.1,1,40,121,0.01,0.025066282746310002,2000,2000,2000,2000,,,0.010059293245549075,0.010059293245549075,0.00205222271349083,0.0019956999004259613,0.65,0.2017314590048045,ok
noise-0.10-r03-mc00,noise,0.10,MC,3,10003,20003,1000300,curve,sin_pi,0.1,1,40,121,0.01,0.025066282746310002,2000,2000,2000,0,154.0,0.077,0.015792063144686307,0.015792063144686307,0.007956706668659587,0.007699576339870454,0.695,0.13264970807358623,ok
noise-0.10-r03-mc01,noise,0.10,MC,3,10003,20003,1000301,curve,sin_pi,0.1,1,40,121,0.01,0.025066282746310002,2000,2000,2000,0,171.0,0.0855,0.01577658747951558,0.01577658747951558,0.007880845817539112,0.007610222712977375,0.69,0.12845058320090175,ok
noise-0.10-r03-mc02,noise,0.10,MC,3,10003,20003,1000302,curve,sin_pi,0.1,1,40,121,0.01,0.025066282746310002,2000,2000,2000,0,171.0,0.0855,0.015117501837660181,0.015117501837660181,0.007209493561985074,0.006872958616392717,0.67,0.12570737511850893,ok
noise-0.10-r03-mc03,noise,0.10,MC,3,10003,20003,1000303,curve,sin_pi,0.1,1,40,121,0.01,0.025066282746310002,2000,2000,2000,0,180.0,0.09,0.017259578620121598,0.017259578620121598,0.009259850658764083,0.008887568918150745,0.705,0.11575133283622563,ok
noise-0.10-r03-mc04,noise,0.10,MC,3,10003,20003,1000304,curve,sin_pi,0.1,1,40,121,0.01,0.025066282746310002,2000,2000,2000,0,180.0,0.09,0.013109645761476874,0.013109645761476874,0.005027537245835023,0.004805371698621629,0.665,0.13122654194012284,ok
noise-0.10-r04-gd,noise,0.10,GD,4,10004,20004,20004,curve,sin_pi,0.1,1,40,121,0.01,0.025066282746310002,2000,2000,2000,2000,,,0.013097239765748787,0.013097239765748787,0.003232282805921685,0.003137069246198862,0.705,0.20241729193367064,ok
noise-0.10-r04-mc00,noise,0.10,MC,4,10004,20004,1000400,curve,sin_pi,0.1,1,40,121,0.01,0.025066282746310002,2000,2000,2000,0,189.0,0.0945,0.015815695186837484,0.015815695186837484,0.005678209046749521,0.0053597564792644764,0.715,0.1217780839651823,ok
noise-0.10-r04-mc01,noise,0.10,MC,4,10004,20004,1000401,curve,sin_pi,0.1,1,40,121,0.01,0.025066282746310002,2000,2000,2000,0,177.0,0.0885,0.012400029587828109,0.012400029587828109,0.003579949308382683,0.003542784985904687,0.675,0.13342950004152954,ok
noise-0.10-r04-mc02,noise,0.10,MC,4,10004,20004,1000402,curve,sin_pi,0.1,1,40,121,0.01,0.025066282746310002,2000,2000,2000,0,171.0,0.0855,0.01486595385535701,0.01486595385535701,0.005545324629396683,0.005425146856289505,0.7,0.12469899980351329,ok
noise-0.10-r04-mc03,noise,0.10,MC,4,10004,20004,1000403,curve,sin_pi,0.1,1,40,121,0.01,0.025066282746310002,2000,2000,2000,0,186.0,0.093,0.018536203810997978,0.018536203810997978,0.00868521795733587,0.008348334114016826,0.715,0.13411970809102058,ok
noise-0.10-r04-mc04,noise,0.10,MC,4,10004,20004,1000404,curve,sin_pi,0.1,1,40,121,0.01,0.025066282746310002,2000,2000,2000,0,203.0,0.1015,0.014827218555343573,0.014827218555343573,0.004828088411438396,0.0046744785744903304,0.695,0.12167820800095797,ok
noise-0.10-r05-gd,noise,0.10,GD,5,10005,20005,20005,curve,sin_pi,0.1,1,40,121,0.01,0.025066282746310002,2000,2000,2000,2000,,,0.014343529460792264,0.014343529460792264,0.002067070838102154,0.001980539855253256,0.665,0.19407745799981058,ok
noise-0.10-r05-mc00,noise,0.10,MC,5,10005,20005,1000500,curve,sin_pi,0.1,1,40,121,0.01,0.025066282746310002,2000,2000,2000,0,181.0,0.0905,0.02094799196066924,0.02094799196066924,0.00868761042242536,0.008274799345509369,0.73,0.12510091695003211,ok
noise-0.10-r05-mc01,noise,0.10,MC,5,10005,20005,1000501,curve,sin_pi,0.1,1,40,121,0.01,0.025066282746310002,2000,2000,2000,0,187.0,0.0935,0.01605617949069138,0.01605617949069138,0.003940721862877001,0.003715991469077801,0.71,0.14807816711254418,ok
noise-0.10-r05-mc02,noise,0.10,MC,5,10005,20005,1000502,curve,sin_pi,0.1,1,40,121,0.01,0.025066282746310002,2000,2000,2000,0,165.0,0.0825,0.015370926499498384,0.015370926499498384,0.0031964019103509263,0.0030440310141075476,0.675,0.14223550003953278,ok
noise-0.10-r05-mc03,noise,0.10,MC,5,10005,20005,1000503,curve,sin_pi,0.1,1,40,121,0.01,0.025066282746310002,2000,2000,2000,0,179.0,0.0895,0.016137329462154248,0.016137329462154248,0.003989202850729932,0.003804898723031735,0.7,0.14276054198853672,ok
noise-0.10-r05-mc04,noise,0.10,MC,5,10005,20005,1000504,curve,sin_pi,0.1,1,40,121,0.01,0.025066282746310002,2000,2000,2000,0,187.0,0.0935,0.01645906876115071,0.01645906876115071,0.004505631619138109,0.004272784762972218,0.715,0.13855341589078307,ok
noise-0.10-r06-gd,noise,0.10,GD,6,10006,20006,20006,curve,sin_pi,0.1,1,40,121,0.01,0.025066282746310002,2000,2000,2000,2000,,,0.012613966836948218,0.012613966836948218,0.0020253962536152907,0.0019477938107241145,0.655,0.2060430001001805,ok
noise-0.10-r06-mc00,noise,0.10,MC,6,10006,20006,1000600,curve,sin_pi,0.1,1,40,121,0.01,0.025066282746310002,2000,2000,2000,0,178.0,0.089,0.016438815742945204,0.016438815742945204,0.006130886062641008,0.005920830354957686,0.71,0.12155608297325671,ok
noise-0.10-r06-mc01,noise,0.10,MC,6,10006,20006,1000601,curve,sin_pi,0.1,1,40,121,0.01,0.025066282746310002,2000,2000,2000,0,176.0,0.088,0.015807220282156774,0.015807220282156774,0.004788028879034842,0.0045694694083897374,0.675,0.12569883395917714,ok
noise-0.10-r06-mc02,noise,0.10,MC,6,10006,20006,1000602,curve,sin_pi,0.1,1,40,121,0.01,0.025066282746310002,2000,2000,2000,0,181.0,0.0905,0.01786527078164836,0.01786527078164836,0.007188635658454647,0.006858575685487588,0.715,0.12697554100304842,ok
noise-0.10-r06-mc03,noise,0.10,MC,6,10006,20006,1000603,curve,sin_pi,0.1,1,40,121,0.01,0.025066282746310002,2000,2000,2000,0,183.0,0.0915,0.01679397770977139,0.01679397770977139,0.0063581673512027705,0.006116428962029129,0.73,0.13648929097689688,ok
noise-0.10-r06-mc04,noise,0.10,MC,6,10006,20006,1000604,curve,sin_pi,0.1,1,40,121,0.01,0.025066282746310002,2000,2000,2000,0,170.0,0.085,0.018333500271766008,0.018333500271766008,0.007269704983197591,0.007011084770774163,0.76,0.12899533286690712,ok
noise-0.10-r07-gd,noise,0.10,GD,7,10007,20007,20007,curve,sin_pi,0.1,1,40,121,0.01,0.025066282746310002,2000,2000,2000,2000,,,0.011354685342388308,0.011354685342388308,0.0029340329323629386,0.0028831153665796645,0.665,0.19186345883645117,ok
noise-0.10-r07-mc00,noise,0.10,MC,7,10007,20007,1000700,curve,sin_pi,0.1,1,40,121,0.01,0.025066282746310002,2000,2000,2000,0,167.0,0.0835,0.013475978373352411,0.013475978373352411,0.00452585458059654,0.004298960897087838,0.695,0.1263533339370042,ok
noise-0.10-r07-mc01,noise,0.10,MC,7,10007,20007,1000701,curve,sin_pi,0.1,1,40,121,0.01,0.025066282746310002,2000,2000,2000,0,182.0,0.091,0.01291339302442475,0.01291339302442475,0.004279900935337567,0.004157794404056253,0.675,0.13243637513369322,ok
noise-0.10-r07-mc02,noise,0.10,MC,7,10007,20007,1000702,curve,sin_pi,0.1,1,40,121,0.01,0.025066282746310002,2000,2000,2000,0,157.0,0.0785,0.012932866039243974,0.012932866039243974,0.004350598677588919,0.004249830260863421,0.655,0.13541049999184906,ok
noise-0.10-r07-mc03,noise,0.10,MC,7,10007,20007,1000703,curve,sin_pi,0.1,1,40,121,0.01,0.025066282746310002,2000,2000,2000,0,167.0,0.0835,0.013961186231227475,0.013961186231227475,0.0052138058371764915,0.004995860868561961,0.715,0.12704129191115499,ok
noise-0.10-r07-mc04,noise,0.10,MC,7,10007,20007,1000704,curve,sin_pi,0.1,1,40,121,0.01,0.025066282746310002,2000,2000,2000,0,167.0,0.0835,0.013089385718341062,0.013089385718341062,0.004557680079304984,0.004410766294851483,0.695,0.12903412501327693,ok
noise-0.10-r08-gd,noise,0.10,GD,8,10008,20008,20008,curve,sin_pi,0.1,1,40,121,0.01,0.025066282746310002,2000,2000,2000,2000,,,0.010552737952137332,0.010552737952137332,0.002090279915809286,0.0020484744254283963,0.685,0.21208116691559553,ok
noise-0.10-r08-mc00,noise,0.10,MC,8,10008,20008,1000800,curve,sin_pi,0.1,1,40,121,0.01,0.025066282746310002,2000,2000,2000,0,181.0,0.0905,0.01658190225207582,0.01658190225207582,0.008033900834284104,0.007769016434393988,0.705,0.1187916249036789,ok
noise-0.10-r08-mc01,noise,0.10,MC,8,10008,20008,1000801,curve,sin_pi,0.1,1,40,121,0.01,0.025066282746310002,2000,2000,2000,0,209.0,0.1045,0.01288656375447873,0.01288656375447873,0.004510964102405564,0.004368752045817723,0.705,0.13644116697832942,ok
noise-0.10-r08-mc02,noise,0.10,MC,8,10008,20008,1000802,curve,sin_pi,0.1,1,40,121,0.01,0.025066282746310002,2000,2000,2000,0,173.0,0.0865,0.01677917420242499,0.01677917420242499,0.008244965975168656,0.008039325447394042,0.72,0.1438205000013113,ok
noise-0.10-r08-mc03,noise,0.10,MC,8,10008,20008,1000803,curve,sin_pi,0.1,1,40,121,0.01,0.025066282746310002,2000,2000,2000,0,191.0,0.0955,0.011965594989813786,0.011965594989813786,0.0033426682821192945,0.0031944010875958762,0.7,0.1465357500128448,ok
noise-0.10-r08-mc04,noise,0.10,MC,8,10008,20008,1000804,curve,sin_pi,0.1,1,40,121,0.01,0.025066282746310002,2000,2000,2000,0,181.0,0.0905,0.013171678995193949,0.013171678995193949,0.004935963384441634,0.004826774596164204,0.69,0.13011079211719334,ok
noise-0.10-r09-gd,noise,0.10,GD,9,10009,20009,20009,curve,sin_pi,0.1,1,40,121,0.01,0.025066282746310002,2000,2000,2000,2000,,,0.011832578691694294,0.011832578691694294,0.003473105668978408,0.0033542080282071536,0.695,0.2203627498820424,ok
noise-0.10-r09-mc00,noise,0.10,MC,9,10009,20009,1000900,curve,sin_pi,0.1,1,40,121,0.01,0.025066282746310002,2000,2000,2000,0,170.0,0.085,0.0160791770318552,0.0160791770318552,0.00853687295616461,0.008194820978135692,0.76,0.1287723749410361,ok
noise-0.10-r09-mc01,noise,0.10,MC,9,10009,20009,1000901,curve,sin_pi,0.1,1,40,121,0.01,0.025066282746310002,2000,2000,2000,0,176.0,0.088,0.016461559019694687,0.016461559019694687,0.008451805156481388,0.008134766255015335,0.72,0.13066166685894132,ok
noise-0.10-r09-mc02,noise,0.10,MC,9,10009,20009,1000902,curve,sin_pi,0.1,1,40,121,0.01,0.025066282746310002,2000,2000,2000,0,189.0,0.0945,0.015547521853399044,0.015547521853399044,0.00783139160198184,0.007563236500878401,0.715,0.13408079114742577,ok
noise-0.10-r09-mc03,noise,0.10,MC,9,10009,20009,1000903,curve,sin_pi,0.1,1,40,121,0.01,0.025066282746310002,2000,2000,2000,0,182.0,0.091,0.01472554686916028,0.01472554686916028,0.007061402521627026,0.00682762688690711,0.715,0.12926383409649134,ok
noise-0.10-r09-mc04,noise,0.10,MC,9,10009,20009,1000904,curve,sin_pi,0.1,1,40,121,0.01,0.025066282746310002,2000,2000,2000,0,174.0,0.087,0.013392035812090908,0.013392035812090908,0.005176340808088365,0.0049632518492076115,0.71,0.13888600002974272,ok
noise-0.10-r10-gd,noise,0.10,GD,10,10010,20010,20010,curve,sin_pi,0.1,1,40,121,0.01,0.025066282746310002,2000,2000,2000,2000,,,0.011282547590812875,0.011282547590812875,0.0022451938924407666,0.002177235114487636,0.685,0.19317983300425112,ok
noise-0.10-r10-mc00,noise,0.10,MC,10,10010,20010,1001000,curve,sin_pi,0.1,1,40,121,0.01,0.025066282746310002,2000,2000,2000,0,168.0,0.084,0.013689049287839069,0.013689049287839069,0.004538998624568146,0.00434571973196977,0.69,0.13440087507478893,ok
noise-0.10-r10-mc01,noise,0.10,MC,10,10010,20010,1001001,curve,sin_pi,0.1,1,40,121,0.01,0.025066282746310002,2000,2000,2000,0,176.0,0.088,0.013767112896413922,0.013767112896413922,0.004833144896867452,0.004641122977375737,0.65,0.13337066699750721,ok
noise-0.10-r10-mc02,noise,0.10,MC,10,10010,20010,1001002,curve,sin_pi,0.1,1,40,121,0.01,0.025066282746310002,2000,2000,2000,0,166.0,0.083,0.015292590110789935,0.015292590110789935,0.006289623788365363,0.006074811385784439,0.675,0.1320535410195589,ok
noise-0.10-r10-mc03,noise,0.10,MC,10,10010,20010,1001003,curve,sin_pi,0.1,1,40,121,0.01,0.025066282746310002,2000,2000,2000,0,178.0,0.089,0.013145188342048485,0.013145188342048485,0.003933710380075015,0.003767419163282908,0.66,0.13689304096624255,ok
noise-0.10-r10-mc04,noise,0.10,MC,10,10010,20010,1001004,curve,sin_pi,0.1,1,40,121,0.01,0.025066282746310002,2000,2000,2000,0,179.0,0.0895,0.012698592689794225,0.012698592689794225,0.003728218012732142,0.003612622576049913,0.665,0.13046487513929605,ok
noise-0.10-r11-gd,noise,0.10,GD,11,10011,20011,20011,curve,sin_pi,0.1,1,40,121,0.01,0.025066282746310002,2000,2000,2000,2000,,,0.013188496258674487,0.013188496258674487,0.0033545706899908946,0.0031878477612916844,0.705,0.19965266599319875,ok
noise-0.10-r11-mc00,noise,0.10,MC,11,10011,20011,1001100,curve,sin_pi,0.1,1,40,121,0.01,0.025066282746310002,2000,2000,2000,0,153.0,0.0765,0.01707417518684963,0.01707417518684963,0.008435225589488539,0.007998176726835332,0.695,0.13039120892062783,ok
noise-0.10-r11-mc01,noise,0.10,MC,11,10011,20011,1001101,curve,sin_pi,0.1,1,40,121,0.01,0.025066282746310002,2000,2000,2000,0,158.0,0.079,0.018832273667904874,0.018832273667904874,0.009185994418529565,0.00882674546866781,0.735,0.137009791797027,ok
noise-0.10-r11-mc02,noise,0.10,MC,11,10011,20011,1001102,curve,sin_pi,0.1,1,40,121,0.01,0.025066282746310002,2000,2000,2000,0,148.0,0.074,0.019639369318065144,0.019639369318065144,0.010996654578597762,0.010387928641818612,0.7,0.1336854579858482,ok
noise-0.10-r11-mc03,noise,0.10,MC,11,10011,20011,1001103,curve,sin_pi,0.1,1,40,121,0.01,0.025066282746310002,2000,2000,2000,0,150.0,0.075,0.016509210077299042,0.016509210077299042,0.006937846635613247,0.00668219973417321,0.71,0.12652545818127692,ok
noise-0.10-r11-mc04,noise,0.10,MC,11,10011,20011,1001104,curve,sin_pi,0.1,1,40,121,0.01,0.025066282746310002,2000,2000,2000,0,158.0,0.079,0.014856620300642977,0.014856620300642977,0.005268068014110564,0.004996200501296289,0.705,0.14088866603560746,ok
noise-0.25-r00-gd,noise,0.25,GD,0,10000,20000,20000,curve,sin_pi,0.25,1,40,121,0.01,0.025066282746310002,2000,2000,2000,2000,,,0.06612918561673245,0.06612918561673245,0.003306623497905731,0.00326336541728796,0.835,0.20881208288483322,ok
noise-0.25-r00-mc00,noise,0.25,MC,0,10000,20000,1000000,curve,sin_pi,0.25,1,40,121,0.01,0.025066282746310002,2000,2000,2000,0,201.0,0.1005,0.06912584835754315,0.06912584835754315,0.004903274882781156,0.00463713621835951,0.84,0.12344220792874694,ok
noise-0.25-r00-mc01,noise,0.25,MC,0,10000,20000,1000001,curve,sin_pi,0.25,1,40,121,0.01,0.025066282746310002,2000,2000,2000,0,166.0,0.083,0.07428725669310941,0.07428725669310941,0.010897139042691325,0.01058947828629026,0.875,0.12097070901654661,ok
noise-0.25-r00-mc02,noise,0.25,MC,0,10000,20000,1000002,curve,sin_pi,0.25,1,40,121,0.01,0.025066282746310002,2000,2000,2000,0,180.0,0.09,0.07245790863391056,0.07245790863391056,0.008454921886577552,0.00809979507480838,0.865,0.13066937495023012,ok
noise-0.25-r00-mc03,noise,0.25,MC,0,10000,20000,1000003,curve,sin_pi,0.25,1,40,121,0.01,0.025066282746310002,2000,2000,2000,0,200.0,0.1,0.06803421250262211,0.06803421250262211,0.00516509461519111,0.005001379305850284,0.855,0.12415220797993243,ok
noise-0.25-r00-mc04,noise,0.25,MC,0,10000,20000,1000004,curve,sin_pi,0.25,1,40,121,0.01,0.025066282746310002,2000,2000,2000,0,173.0,0.0865,0.06915186345904237,0.06915186345904237,0.004960419422433993,0.004746378010590434,0.86,0.1285117499064654,ok
noise-0.25-r01-gd,noise,0.25,GD,1,10001,20001,20001,curve,sin_pi,0.25,1,40,121,0.01,0.025066282746310002,2000,2000,2000,2000,,,0.05494805926474739,0.05494805926474739,0.005186372506352368,0.00508884647542807,0.815,0.1979801671113819,ok
noise-0.25-r01-mc00,noise,0.25,MC,1,10001,20001,1000100,curve,sin_pi,0.25,1,40,121,0.01,0.025066282746310002,2000,2000,2000,0,174.0,0.087,0.0573106558953063,0.0573106558953063,0.0064969319135944606,0.006341613981020629,0.815,0.14184037479571998,ok
noise-0.25-r01-mc01,noise,0.25,MC,1,10001,20001,1000101,curve,sin_pi,0.25,1,40,121,0.01,0.025066282746310002,2000,2000,2000,0,193.0,0.0965,0.060511506362770966,0.060511506362770966,0.009234512098776673,0.008843086801569328,0.805,0.1341578750871122,ok
noise-0.25-r01-mc02,noise,0.25,MC,1,10001,20001,1000102,curve,sin_pi,0.25,1,40,121,0.01,0.025066282746310002,2000,2000,2000,0,176.0,0.088,0.05662813203040904,0.05662813203040904,0.005796497390088264,0.005523506597248268,0.795,0.13345379196107388,ok
noise-0.25-r01-mc03,noise,0.25,MC,1,10001,20001,1000103,curve,sin_pi,0.25,1,40,121,0.01,0.025066282746310002,2000,2000,2000,0,199.0,0.0995,0.05445641496245115,0.05445641496245115,0.004339576720410945,0.004238991204629507,0.825,0.13131470885127783,ok
noise-0.25-r01-mc04,noise,0.25,MC,1,10001,20001,1000104,curve,sin_pi,0.25,1,40,121,0.01,0.025066282746310002,2000,2000,2000,0,192.0,0.096,0.05947467782895855,0.05947467782895855,0.009962679882244503,0.009800577356968126,0.835,0.13831191696226597,ok
noise-0.25-r02-gd,noise,0.25,GD,2,10002,20002,20002,curve,sin_pi,0.25,1,40,121,0.01,0.025066282746310002,2000,2000,2000,2000,,,0.06205687139507399,0.06205687139507399,0.005033285825139385,0.004731556461568406,0.8,0.19402091694064438,ok
noise-0.25-r02-mc00,noise,0.25,MC,2,10002,20002,1000200,curve,sin_pi,0.25,1,40,121,0.01,0.025066282746310002,2000,2000,2000,0,167.0,0.0835,0.06406477144141297,0.06406477144141297,0.006477933167412447,0.0060625078005415904,0.84,0.10316104209050536,ok
noise-0.25-r02-mc01,noise,0.25,MC,2,10002,20002,1000201,curve,sin_pi,0.25,1,40,121,0.01,0.025066282746310002,2000,2000,2000,0,179.0,0.0895,0.0645884789428935,0.0645884789428935,0.007584707439146192,0.007104509972243882,0.825,0.14072795794345438,ok
noise-0.25-r02-mc02,noise,0.25,MC,2,10002,20002,1000202,curve,sin_pi,0.25,1,40,121,0.01,0.025066282746310002,2000,2000,2000,0,164.0,0.082,0.06230814536821598,0.06230814536821598,0.00433308912975079,0.0040626098468741255,0.815,0.13423758302815259,ok
noise-0.25-r02-mc03,noise,0.25,MC,2,10002,20002,1000203,curve,sin_pi,0.25,1,40,121,0.01,0.025066282746310002,2000,2000,2000,0,152.0,0.076,0.062224084012063086,0.062224084012063086,0.0052130285125082994,0.0048363737071885375,0.795,0.1287859589792788,ok
noise-0.25-r02-mc04,noise,0.25,MC,2,10002,20002,1000204,curve,sin_pi,0.25,1,40,121,0.01,0.025066282746310002,2000,2000,2000,0,182.0,0.091,0.06638646922236098,0.06638646922236098,0.009569095759423775,0.00882155238982262,0.855,0.13046499993652105,ok
noise-0.25-r03-gd,noise,0.25,GD,3,10003,20003,20003,curve,sin_pi,0.25,1,40,121,0.01,0.025066282746310002,2000,2000,2000,2000,,,0.052259772212799066,0.052259772212799066,0.002640578061902815,0.002598575219349273,0.83,0.18893800000660121,ok
noise-0.25-r03-mc00,noise,0.25,MC,3,10003,20003,1000300,curve,sin_pi,0.25,1,40,121,0.01,0.025066282746310002,2000,2000,2000,0,173.0,0.0865,0.05567317154081535,0.05567317154081535,0.006329702322950737,0.006196068696760835,0.82,0.10084466589614749,ok
noise-0.25-r03-mc01,noise,0.25,MC,3,10003,20003,1000301,curve,sin_pi,0.25,1,40,121,0.01,0.025066282746310002,2000,2000,2000,0,180.0,0.09,0.05416925040871127,0.05416925040871127,0.0052946367424907895,0.00522156854035878,0.825,0.12835704209282994,ok
noise-0.25-r03-mc02,noise,0.25,MC,3,10003,20003,1000302,curve,sin_pi,0.25,1,40,121,0.01,0.025066282746310002,2000,2000,2000,0,177.0,0.0885,0.05918359216034296,0.05918359216034296,0.009388274874130558,0.009187773963967874,0.83,0.13638629112392664,ok
noise-0.25-r03-mc03,noise,0.25,MC,3,10003,20003,1000303,curve,sin_pi,0.25,1,40,121,0.01,0.025066282746310002,2000,2000,2000,0,150.0,0.075,0.05690924866327236,0.05690924866327236,0.008293018643879395,0.008093724179553794,0.815,0.13600466609932482,ok
noise-0.25-r03-mc04,noise,0.25,MC,3,10003,20003,1000304,curve,sin_pi,0.25,1,40,121,0.01,0.025066282746310002,2000,2000,2000,0,162.0,0.081,0.05787711800029705,0.05787711800029705,0.00890423530597427,0.008651431516962498,0.82,0.12284550000913441,ok
noise-0.25-r04-gd,noise,0.25,GD,4,10004,20004,20004,curve,sin_pi,0.25,1,40,121,0.01,0.025066282746310002,2000,2000,2000,2000,,,0.06356519979771189,0.06356519979771189,0.004044934326297428,0.003994618427296756,0.915,0.205227083992213,ok
noise-0.25-r04-mc00,noise,0.25,MC,4,10004,20004,1000400,curve,sin_pi,0.25,1,40,121,0.01,0.025066282746310002,2000,2000,2000,0,167.0,0.0835,0.06993518684425996,0.06993518684425996,0.010715977350185335,0.010421384794885346,0.885,0.12563866702839732,ok
noise-0.25-r04-mc01,noise,0.25,MC,4,10004,20004,1000401,curve,sin_pi,0.25,1,40,121,0.01,0.025066282746310002,2000,2000,2000,0,177.0,0.0885,0.06363971271647663,0.06363971271647663,0.0056527900618721415,0.005626283340741188,0.875,0.11633008299395442,ok
noise-0.25-r04-mc02,noise,0.25,MC,4,10004,20004,1000402,curve,sin_pi,0.25,1,40,121,0.01,0.025066282746310002,2000,2000,2000,0,192.0,0.096,0.06377779180696869,0.06377779180696869,0.006332053525168806,0.006253219931336961,0.875,0.11922970809973776,ok
noise-0.25-r04-mc03,noise,0.25,MC,4,10004,20004,1000403,curve,sin_pi,0.25,1,40,121,0.01,0.025066282746310002,2000,2000,2000,0,197.0,0.0985,0.06581426685648321,0.06581426685648321,0.006395565151758422,0.006255778149193747,0.9,0.12738408311270177,ok
noise-0.25-r04-mc04,noise,0.25,MC,4,10004,20004,1000404,curve,sin_pi,0.25,1,40,121,0.01,0.025066282746310002,2000,2000,2000,0,199.0,0.0995,0.06399517486896317,0.06399517486896317,0.004173161642200053,0.0041050607813605975,0.89,0.14128924999386072,ok
noise-0.25-r05-gd,noise,0.25,GD,5,10005,20005,20005,curve,sin_pi,0.25,1,40,121,0.01,0.025066282746310002,2000,2000,2000,2000,,,0.07766180945071322,0.07766180945071322,0.0036930483516009016,0.0035864553025117996,0.86,0.2236276250332594,ok
noise-0.25-r05-mc00,noise,0.25,MC,5,10005,20005,1000500,curve,sin_pi,0.25,1,40,121,0.01,0.025066282746310002,2000,2000,2000,0,172.0,0.086,0.08536153914917007,0.08536153914917007,0.010698363360936746,0.010211496483759415,0.865,0.14156720787286758,ok
noise-0.25-r05-mc01,noise,0.25,MC,5,10005,20005,1000501,curve,sin_pi,0.25,1,40,121,0.01,0.025066282746310002,2000,2000,2000,0,178.0,0.089,0.07976325033518414,0.07976325033518414,0.005536323164492809,0.005333112797090762,0.835,0.1321000000461936,ok
noise-0.25-r05-mc02,noise,0.25,MC,5,10005,20005,1000502,curve,sin_pi,0.25,1,40,121,0.01,0.025066282746310002,2000,2000,2000,0,153.0,0.0765,0.08334650407466386,0.08334650407466386,0.009144966489108649,0.008860304993311079,0.87,0.14125220803543925,ok
noise-0.25-r05-mc03,noise,0.25,MC,5,10005,20005,1000503,curve,sin_pi,0.25,1,40,121,0.01,0.025066282746310002,2000,2000,2000,0,169.0,0.0845,0.08201784612925281,0.08201784612925281,0.007342854118782891,0.006958629226109352,0.84,0.11844712495803833,ok
noise-0.25-r05-mc04,noise,0.25,MC,5,10005,20005,1000504,curve,sin_pi,0.25,1,40,121,0.01,0.025066282746310002,2000,2000,2000,0,175.0,0.0875,0.07990979115103125,0.07990979115103125,0.0054821482337898365,0.005197474534131604,0.86,0.12907700007781386,ok
noise-0.25-r06-gd,noise,0.25,GD,6,10006,20006,20006,curve,sin_pi,0.25,1,40,121,0.01,0.025066282746310002,2000,2000,2000,2000,,,0.06446603596890586,0.06446603596890586,0.003957218691694122,0.003907775548563048,0.865,0.21295470907352865,ok
noise-0.25-r06-mc00,noise,0.25,MC,6,10006,20006,1000600,curve,sin_pi,0.25,1,40,121,0.01,0.025066282746310002,2000,2000,2000,0,182.0,0.091,0.07209581224660017,0.07209581224660017,0.008881443353837223,0.008555936294096575,0.87,0.1543263748753816,ok
noise-0.25-r06-mc01,noise,0.25,MC,6,10006,20006,1000601,curve,sin_pi,0.25,1,40,121,0.01,0.025066282746310002,2000,2000,2000,0,182.0,0.091,0.06842165170406085,0.06842165170406085,0.006127152314970313,0.005911279782993309,0.88,0.13619858399033546,ok
noise-0.25-r06-mc02,noise,0.25,MC,6,10006,20006,1000602,curve,sin_pi,0.25,1,40,121,0.01,0.025066282746310002,2000,2000,2000,0,196.0,0.098,0.07193531935653828,0.07193531935653828,0.010416872936692195,0.010087481322118513,0.84,0.14822512515820563,ok
noise-0.25-r06-mc03,noise,0.25,MC,6,10006,20006,1000603,curve,sin_pi,0.25,1,40,121,0.01,0.025066282746310002,2000,2000,2000,0,184.0,0.092,0.07300979955586749,0.07300979955586749,0.008897273530963867,0.008493951161027212,0.855,0.15040412498638034,ok
noise-0.25-r06-mc04,noise,0.25,MC,6,10006,20006,1000604,curve,sin_pi,0.25,1,40,121,0.01,0.025066282746310002,2000,2000,2000,0,166.0,0.083,0.06604763822219341,0.06604763822219341,0.003725768248119182,0.0035988734732368614,0.855,0.15413687494583428,ok
noise-0.25-r07-gd,noise,0.25,GD,7,10007,20007,20007,curve,sin_pi,0.25,1,40,121,0.01,0.025066282746310002,2000,2000,2000,2000,,,0.05857554720286272,0.05857554720286272,0.0033566936047691887,0.003353794781350652,0.835,0.21704608388245106,ok
noise-0.25-r07-mc00,noise,0.25,MC,7,10007,20007,1000700,curve,sin_pi,0.25,1,40,121,0.01,0.025066282746310002,2000,2000,2000,0,168.0,0.084,0.06050489622042979,0.06050489622042979,0.0053412174543977075,0.005269528030817446,0.855,0.1278773748781532,ok
noise-0.25-r07-mc01,noise,0.25,MC,7,10007,20007,1000701,curve,sin_pi,0.25,1,40,121,0.01,0.025066282746310002,2000,2000,2000,0,173.0,0.0865,0.061069880378360517,0.061069880378360517,0.006464595937660111,0.006392296414714973,0.855,0.1534702079370618,ok
noise-0.25-r07-mc02,noise,0.25,MC,7,10007,20007,1000702,curve,sin_pi,0.25,1,40,121,0.01,0.025066282746310002,2000,2000,2000,0,165.0,0.0825,0.059914181054079856,0.059914181054079856,0.005101571242538103,0.005057725991023347,0.83,0.14614291698671877,ok
noise-0.25-r07-mc03,noise,0.25,MC,7,10007,20007,1000703,curve,sin_pi,0.25,1,40,121,0.01,0.025066282746310002,2000,2000,2000,0,178.0,0.089,0.06136437693300865,0.06136437693300865,0.0065276142353486825,0.0064124111827925994,0.86,0.14349762490019202,ok
noise-0.25-r07-mc04,noise,0.25,MC,7,10007,20007,1000704,curve,sin_pi,0.25,1,40,121,0.01,0.025066282746310002,2000,2000,2000,0,161.0,0.0805,0.05948871047017407,0.05948871047017407,0.00505540995290224,0.005050721486075888,0.87,0.1428796669933945,ok
noise-0.25-r08-gd,noise,0.25,GD,8,10008,20008,20008,curve,sin_pi,0.25,1,40,121,0.01,0.025066282746310002,2000,2000,2000,2000,,,0.054066946399171194,0.054066946399171194,0.0027526016191152408,0.0027572051765871472,0.85,0.21861508395522833,ok
noise-0.25-r08-mc00,noise,0.25,MC,8,10008,20008,1000800,curve,sin_pi,0.25,1,40,121,0.01,0.025066282746310002,2000,2000,2000,0,182.0,0.091,0.059384700973276666,0.059384700973276666,0.006915519140252988,0.006765429629107896,0.9,0.14866225002333522,ok
noise-0.25-r08-mc01,noise,0.25,MC,8,10008,20008,1000801,curve,sin_pi,0.25,1,40,121,0.01,0.025066282746310002,2000,2000,2000,0,200.0,0.1,0.059813029845240596,0.059813029845240596,0.00710258557121446,0.006887187080903453,0.905,0.13953762501478195,ok
noise-0.25-r08-mc02,noise,0.25,MC,8,10008,20008,1000802,curve,sin_pi,0.25,1,40,121,0.01,0.025066282746310002,2000,2000,2000,0,180.0,0.09,0.0575066633988973,0.0575066633988973,0.004898107727502295,0.00481302371074414,0.865,0.21504883305169642,ok
noise-0.25-r08-mc03,noise,0.25,MC,8,10008,20008,1000803,curve,sin_pi,0.25,1,40,121,0.01,0.025066282746310002,2000,2000,2000,0,195.0,0.0975,0.05795461019673736,0.05795461019673736,0.004926254947873933,0.004862215610782613,0.87,0.16998241702094674,ok
noise-0.25-r08-mc04,noise,0.25,MC,8,10008,20008,1000804,curve,sin_pi,0.25,1,40,121,0.01,0.025066282746310002,2000,2000,2000,0,185.0,0.0925,0.058935303057861786,0.058935303057861786,0.006324628614836162,0.006174812824390738,0.905,0.16193145886063576,ok
noise-0.25-r09-gd,noise,0.25,GD,9,10009,20009,20009,curve,sin_pi,0.25,1,40,121,0.01,0.025066282746310002,2000,2000,2000,2000,,,0.05891182368786998,0.05891182368786998,0.004118249534039214,0.004022796357055504,0.865,0.25312691600993276,ok
noise-0.25-r09-mc00,noise,0.25,MC,9,10009,20009,1000900,curve,sin_pi,0.25,1,40,121,0.01,0.025066282746310002,2000,2000,2000,0,175.0,0.0875,0.06272482206301881,0.06272482206301881,0.008886393218409535,0.008579826013025585,0.865,0.14203404216095805,ok
noise-0.25-r09-mc01,noise,0.25,MC,9,10009,20009,1000901,curve,sin_pi,0.25,1,40,121,0.01,0.025066282746310002,2000,2000,2000,0,195.0,0.0975,0.06384423758234643,0.06384423758234643,0.010828810529528941,0.010536019984800752,0.9,0.16920954105444252,ok
noise-0.25-r09-mc02,noise,0.25,MC,9,10009,20009,1000902,curve,sin_pi,0.25,1,40,121,0.01,0.025066282746310002,2000,2000,2000,0,196.0,0.098,0.06375535109074221,0.06375535109074221,0.010810882218377513,0.010552331688589841,0.89,0.14889016700908542,ok
noise-0.25-r09-mc03,noise,0.25,MC,9,10009,20009,1000903,curve,sin_pi,0.25,1,40,121,0.01,0.025066282746310002,2000,2000,2000,0,192.0,0.096,0.06207710284243408,0.06207710284243408,0.007105254982272717,0.0067588153438057135,0.875,0.13187537505291402,ok
noise-0.25-r09-mc04,noise,0.25,MC,9,10009,20009,1000904,curve,sin_pi,0.25,1,40,121,0.01,0.025066282746310002,2000,2000,2000,0,186.0,0.093,0.059815397347193745,0.059815397347193745,0.005172836062794244,0.0050008244459533524,0.855,0.14739908301271498,ok
noise-0.25-r10-gd,noise,0.25,GD,10,10010,20010,20010,curve,sin_pi,0.25,1,40,121,0.01,0.025066282746310002,2000,2000,2000,2000,,,0.06069208221736197,0.06069208221736197,0.0027822865860244613,0.00274536093664068,0.85,0.22106350003741682,ok
noise-0.25-r10-mc00,noise,0.25,MC,10,10010,20010,1001000,curve,sin_pi,0.25,1,40,121,0.01,0.025066282746310002,2000,2000,2000,0,163.0,0.0815,0.06425638299490963,0.06425638299490963,0.007033001240951135,0.006778083830399572,0.84,0.1254845829680562,ok
noise-0.25-r10-mc01,noise,0.25,MC,10,10010,20010,1001001,curve,sin_pi,0.25,1,40,121,0.01,0.025066282746310002,2000,2000,2000,0,171.0,0.0855,0.06637958104383043,0.06637958104383043,0.008941389468485696,0.008709414594012898,0.86,0.13356887502595782,ok
noise-0.25-r10-mc02,noise,0.25,MC,10,10010,20010,1001002,curve,sin_pi,0.25,1,40,121,0.01,0.025066282746310002,2000,2000,2000,0,168.0,0.084,0.06322372794413426,0.06322372794413426,0.0046532920765365825,0.00445252453286066,0.85,0.14367999997921288,ok
noise-0.25-r10-mc03,noise,0.25,MC,10,10010,20010,1001003,curve,sin_pi,0.25,1,40,121,0.01,0.025066282746310002,2000,2000,2000,0,160.0,0.08,0.06626456392957404,0.06626456392957404,0.008357119759416887,0.007988450900506663,0.86,0.12946020811796188,ok
noise-0.25-r10-mc04,noise,0.25,MC,10,10010,20010,1001004,curve,sin_pi,0.25,1,40,121,0.01,0.025066282746310002,2000,2000,2000,0,178.0,0.089,0.062036221886563575,0.062036221886563575,0.0034340491530815836,0.0033812674803499823,0.84,0.1423760000616312,ok
noise-0.25-r11-gd,noise,0.25,GD,11,10011,20011,20011,curve,sin_pi,0.25,1,40,121,0.01,0.025066282746310002,2000,2000,2000,2000,,,0.06723722965852623,0.06723722965852623,0.005700060717780726,0.005485419201123278,0.89,0.19710095808841288,ok
noise-0.25-r11-mc00,noise,0.25,MC,11,10011,20011,1001100,curve,sin_pi,0.25,1,40,121,0.01,0.025066282746310002,2000,2000,2000,0,152.0,0.076,0.07232149310800087,0.07232149310800087,0.012893371197892694,0.012279005444388133,0.885,0.13740491610951722,ok
noise-0.25-r11-mc01,noise,0.25,MC,11,10011,20011,1001101,curve,sin_pi,0.25,1,40,121,0.01,0.025066282746310002,2000,2000,2000,0,145.0,0.0725,0.07039343788163038,0.07039343788163038,0.011565367414839543,0.01110599736376631,0.865,0.13792608305811882,ok
noise-0.25-r11-mc02,noise,0.25,MC,11,10011,20011,1001102,curve,sin_pi,0.25,1,40,121,0.01,0.025066282746310002,2000,2000,2000,0,137.0,0.0685,0.07152890856465934,0.07152890856465934,0.011676488649307142,0.011138867184014663,0.89,0.14111620816402137,ok
noise-0.25-r11-mc03,noise,0.25,MC,11,10011,20011,1001103,curve,sin_pi,0.25,1,40,121,0.01,0.025066282746310002,2000,2000,2000,0,152.0,0.076,0.06924082388523149,0.06924082388523149,0.0096320820202474,0.009316561121551634,0.875,0.11583575000986457,ok
noise-0.25-r11-mc04,noise,0.25,MC,11,10011,20011,1001104,curve,sin_pi,0.25,1,40,121,0.01,0.025066282746310002,2000,2000,2000,0,174.0,0.087,0.06838627363876486,0.06838627363876486,0.007627552553024064,0.007307986378898789,0.835,0.1422937500756234,ok
objective-threshold-r00-gd-mse,objective,threshold,GD-MSE,0,30000,40000,40000,curve,sin_pi,0.0,1,40,121,0.001,0.002506628274631,800,800,800,800,,,0.07793527578231321,0.0029352757823132205,0.0029352757823132205,0.0028090843451152483,0.5,0.0863612920511514,ok
objective-threshold-r00-gd-surrogate,objective,threshold,GD-surrogate,0,30000,40000,40000,curve,sin_pi,0.0,1,40,121,0.001,0.002506628274631,800,800,800,800,,,0.03806118530423618,0.006561185304236181,0.006561185304236181,0.005988658135783806,0.21,0.09546162514016032,ok
objective-threshold-r00-mc00,objective,threshold,MC,0,30000,40000,2000000,curve,sin_pi,0.0,1,40,121,0.001,0.002506628274631,800,800,800,0,24.0,0.03,0.05770123257732471,0.00595123257732471,0.00595123257732471,0.005539386997968202,0.345,0.05207129195332527,ok
objective-threshold-r00-mc01,objective,threshold,MC,0,30000,40000,2000001,curve,sin_pi,0.0,1,40,121,0.001,0.002506628274631,800,800,800,0,10.0,0.0125,0.07160204604730251,0.004852046047302513,0.004852046047302513,0.004595659889800011,0.445,0.051664749858900905,ok
objective-threshold-r00-mc02,objective,threshold,MC,0,30000,40000,2000002,curve,sin_pi,0.0,1,40,121,0.001,0.002506628274631,800,800,800,0,25.0,0.03125,0.059086490190031676,0.00583649019003168,0.00583649019003168,0.005467991165755339,0.355,0.05318241682834923,ok
objective-threshold-r00-mc03,objective,threshold,MC,0,30000,40000,2000003,curve,sin_pi,0.0,1,40,121,0.001,0.002506628274631,800,800,800,0,31.0,0.03875,0.058244901771414184,0.005744901771414183,0.005744901771414183,0.0053837636565204966,0.35,0.05539087508805096,ok
objective-threshold-r00-mc04,objective,threshold,MC,0,30000,40000,2000004,curve,sin_pi,0.0,1,40,121,0.001,0.002506628274631,800,800,800,0,32.0,0.04,0.05677735221354206,0.005777352213542059,0.005777352213542059,0.0053567410329834995,0.34,0.05207179207354784,ok
objective-threshold-r01-gd-mse,objective,threshold,GD-MSE,1,30001,40001,40001,curve,sin_pi,0.0,1,40,121,0.001,0.002506628274631,800,800,800,800,,,0.07634264038929273,0.002842640389292733,0.002842640389292733,0.0027206901122128727,0.49,0.08008395903743804,ok
objective-threshold-r01-gd-surrogate,objective,threshold,GD-surrogate,1,30001,40001,40001,curve,sin_pi,0.0,1,40,121,0.001,0.002506628274631,800,800,800,800,,,0.037120670654109754,0.00637067065410976,0.00637067065410976,0.0058141620263033374,0.205,0.08378470898605883,ok
objective-threshold-r01-mc00,objective,threshold,MC,1,30001,40001,2000100,curve,sin_pi,0.0,1,40,121,0.001,0.002506628274631,800,800,800,0,26.0,0.0325,0.059110694022686226,0.005860694022686228,0.005860694022686228,0.005478369707071124,0.355,0.05563395796343684,ok
objective-threshold-r01-mc01,objective,threshold,MC,1,30001,40001,2000101,curve,sin_pi,0.0,1,40,121,0.001,0.002506628274631,800,800,800,0,10.0,0.0125,0.07014341645334712,0.0048934164533471205,0.0048934164533471205,0.00462218567052357,0.435,0.05088149989023805,ok
objective-threshold-r01-mc02,objective,threshold,MC,1,30001,40001,2000102,curve,sin_pi,0.0,1,40,121,0.001,0.002506628274631,800,800,800,0,18.0,0.0225,0.07159704342360056,0.004847043423600554,0.004847043423600554,0.004603096629917287,0.445,0.04714166698977351,ok
objective-threshold-r01-mc03,objective,threshold,MC,1,30001,40001,2000103,curve,sin_pi,0.0,1,40,121,0.001,0.002506628274631,800,800,800,0,21.0,0.02625,0.05816309068679437,0.005663090686794376,0.005663090686794376,0.005295184538982772,0.35,0.05084595805965364,ok
objective-threshold-r01-mc04,objective,threshold,MC,1,30001,40001,2000104,curve,sin_pi,0.0,1,40,121,0.001,0.002506628274631,800,800,800,0,28.0,0.035,0.0583157704952885,0.005815770495288505,0.005815770495288505,0.005434242467171621,0.35,0.05570558295585215,ok
objective-threshold-r02-gd-mse,objective,threshold,GD-MSE,2,30002,40002,40002,curve,sin_pi,0.0,1,40,121,0.001,0.002506628274631,800,800,800,800,,,0.028542537709370104,0.0015425377093701042,0.0015425377093701042,0.0014872250342000386,0.18,0.08528858283534646,ok
objective-threshold-r02-gd-surrogate,objective,threshold,GD-surrogate,2,30002,40002,40002,curve,sin_pi,0.0,1,40,121,0.001,0.002506628274631,800,800,800,800,,,0.023119219168519587,0.002119219168519586,0.002119219168519586,0.001957288705031038,0.14,0.09388283314183354,ok
objective-threshold-r02-mc00,objective,threshold,MC,2,30002,40002,2000200,curve,sin_pi,0.0,1,40,121,0.001,0.002506628274631,800,800,800,0,20.0,0.025,0.036349127933818955,0.002599127933818952,0.002599127933818952,0.0024318678542610494,0.225,0.04958908283151686,ok
objective-threshold-r02-mc01,objective,threshold,MC,2,30002,40002,2000201,curve,sin_pi,0.0,1,40,121,0.001,0.002506628274631,800,800,800,0,6.0,0.0075,0.05126663969267667,0.0025166396926766697,0.0025166396926766697,0.0024219246909019674,0.325,0.04823554214090109,ok
objective-threshold-r02-mc02,objective,threshold,MC,2,30002,40002,2000202,curve,sin_pi,0.0,1,40,121,0.001,0.002506628274631,800,800,800,0,19.0,0.02375,0.03717398961703142,0.002673989617031416,0.002673989617031416,0.002500808215087972,0.23,0.05249270796775818,ok
objective-threshold-r02-mc03,objective,threshold,MC,2,30002,40002,2000203,curve,sin_pi,0.0,1,40,121,0.001,0.002506628274631,800,800,800,0,10.0,0.0125,0.040895811589429634,0.0026458115894296354,0.0026458115894296354,0.002503788950875496,0.255,0.05924541689455509,ok
objective-threshold-r02-mc04,objective,threshold,MC,2,30002,40002,2000204,curve,sin_pi,0.0,1,40,121,0.001,0.002506628274631,800,800,800,0,11.0,0.01375,0.04015668893834925,0.0026566889383492515,0.0026566889383492515,0.0025101163934000466,0.25,0.059392749797552824,ok
objective-threshold-r03-gd-mse,objective,threshold,GD-MSE,3,30003,40003,40003,curve,sin_pi,0.0,1,40,121,0.001,0.002506628274631,800,800,800,800,,,0.07882992067936766,0.0030799206793676627,0.0030799206793676627,0.0029476748211385594,0.505,0.087837666971609,ok
objective-threshold-r03-gd-surrogate,objective,threshold,GD-surrogate,3,30003,40003,40003,curve,sin_pi,0.0,1,40,121,0.001,0.002506628274631,800,800,800,800,,,0.03840680709876622,0.006906807098766217,0.006906807098766217,0.0063072292075061235,0.21,0.09749112511053681,ok
objective-threshold-r03-mc00,objective,threshold,MC,3,30003,40003,2000300,curve,sin_pi,0.0,1,40,121,0.001,0.002506628274631,800,800,800,0,20.0,0.025,0.06216190556571968,0.006661905565719682,0.006661905565719682,0.006311815007415052,0.37,0.0550272089894861,ok
objective-threshold-r03-mc01,objective,threshold,MC,3,30003,40003,2000301,curve,sin_pi,0.0,1,40,121,0.001,0.002506628274631,800,800,800,0,26.0,0.0325,0.06140588111879966,0.006655881118799658,0.006655881118799658,0.006224700952469844,0.365,0.05758058396168053,ok
objective-threshold-r03-mc02,objective,threshold,MC,3,30003,40003,2000302,curve,sin_pi,0.0,1,40,121,0.001,0.002506628274631,800,800,800,0,21.0,0.02625,0.07448639510521608,0.00548639510521608,0.00548639510521608,0.005211859189918801,0.46,0.048487457912415266,ok
objective-threshold-r03-mc03,objective,threshold,MC,3,30003,40003,2000303,curve,sin_pi,0.0,1,40,121,0.001,0.002506628274631,800,800,800,0,24.0,0.03,0.0604794664547048,0.006479466454704794,0.006479466454704794,0.006061086458082978,0.36,0.050031542079523206,ok
objective-threshold-r03-mc04,objective,threshold,MC,3,30003,40003,2000304,curve,sin_pi,0.0,1,40,121,0.001,0.002506628274631,800,800,800,0,13.0,0.01625,0.07449187469100277,0.00549187469100277,0.00549187469100277,0.005217502962983596,0.46,0.059516541892662644,ok
objective-threshold-r04-gd-mse,objective,threshold,GD-MSE,4,30004,40004,40004,curve,sin_pi,0.0,1,40,121,0.001,0.002506628274631,800,800,800,800,,,0.05917229160579826,0.0021722916057982673,0.0021722916057982673,0.0020855244288339233,0.38,0.07495216699317098,ok
objective-threshold-r04-gd-surrogate,objective,threshold,GD-surrogate,4,30004,40004,40004,curve,sin_pi,0.0,1,40,121,0.001,0.002506628274631,800,800,800,800,,,0.032980208632992086,0.004480208632992091,0.004480208632992091,0.00409706654341748,0.19,0.07964583300054073,ok
objective-threshold-r04-mc00,objective,threshold,MC,4,30004,40004,2000400,curve,sin_pi,0.0,1,40,121,0.001,0.002506628274631,800,800,800,0,12.0,0.015,0.06257027154744649,0.004820271547446497,0.004820271547446497,0.004499026082538102,0.385,0.05447375006042421,ok
objective-threshold-r04-mc01,objective,threshold,MC,4,30004,40004,2000401,curve,sin_pi,0.0,1,40,121,0.001,0.002506628274631,800,800,800,0,9.0,0.01125,0.06703216185104667,0.004032161851046666,0.004032161851046666,0.0038586147575548446,0.42,0.04744250001385808,ok
objective-threshold-r04-mc02,objective,threshold,MC,4,30004,40004,2000402,curve,sin_pi,0.0,1,40,121,0.001,0.002506628274631,800,800,800,0,28.0,0.035,0.051886088443059565,0.0046360884430595665,0.0046360884430595665,0.004320546860001984,0.315,0.04946312494575977,ok
objective-threshold-r04-mc03,objective,threshold,MC,4,30004,40004,2000403,curve,sin_pi,0.0,1,40,121,0.001,0.002506628274631,800,800,800,0,12.0,0.015,0.06186167418031554,0.004111674180315543,0.004111674180315543,0.003851559670413899,0.385,0.048285166965797544,ok
objective-threshold-r04-mc04,objective,threshold,MC,4,30004,40004,2000404,curve,sin_pi,0.0,1,40,121,0.001,0.002506628274631,800,800,800,0,17.0,0.02125,0.05337781755648572,0.004627817556485717,0.004627817556485717,0.004336267315354648,0.325,0.05063787498511374,ok
objective-threshold-r05-gd-mse,objective,threshold,GD-MSE,5,30005,40005,40005,curve,sin_pi,0.0,1,40,121,0.001,0.002506628274631,800,800,800,800,,,0.052941203961256095,0.0019412039612560932,0.0019412039612560932,0.0018660625535003215,0.34,0.07074741600081325,ok
objective-threshold-r05-gd-surrogate,objective,threshold,GD-surrogate,5,30005,40005,40005,curve,sin_pi,0.0,1,40,121,0.001,0.002506628274631,800,800,800,800,,,0.028813676729964252,0.0033136767299642494,0.0033136767299642494,0.0030329777906198245,0.17,0.07953774998895824,ok
objective-threshold-r05-mc00,objective,threshold,MC,5,30005,40005,2000500,curve,sin_pi,0.0,1,40,121,0.001,0.002506628274631,800,800,800,0,18.0,0.0225,0.04526760395601963,0.0032676039560196267,0.0032676039560196267,0.0030659044835405097,0.28,0.04680174984969199,ok
objective-threshold-r05-mc01,objective,threshold,MC,5,30005,40005,2000501,curve,sin_pi,0.0,1,40,121,0.001,0.002506628274631,800,800,800,0,16.0,0.02,0.04524251727791871,0.0032425172779187096,0.0032425172779187096,0.0030523768443727135,0.28,0.04710366693325341,ok
objective-threshold-r05-mc02,objective,threshold,MC,5,30005,40005,2000502,curve,sin_pi,0.0,1,40,121,0.001,0.002506628274631,800,800,800,0,18.0,0.0225,0.0525882893764977,0.0030882893764976943,0.0030882893764976943,0.0028933602545051515,0.33,0.04804220818914473,ok
objective-threshold-r05-mc03,objective,threshold,MC,5,30005,40005,2000503,curve,sin_pi,0.0,1,40,121,0.001,0.002506628274631,800,800,800,0,15.0,0.01875,0.04679664867494635,0.0032966486749463524,0.0032966486749463524,0.0031113801266875827,0.29,0.0484656251501292,ok
objective-threshold-r05-mc04,objective,threshold,MC,5,30005,40005,2000504,curve,sin_pi,0.0,1,40,121,0.001,0.002506628274631,800,800,800,0,17.0,0.02125,0.04364468570877922,0.003144685708779216,0.003144685708779216,0.002947648458184914,0.27,0.05519258393906057,ok
objective-threshold-r06-gd-mse,objective,threshold,GD-MSE,6,30006,40006,40006,curve,sin_pi,0.0,1,40,121,0.001,0.002506628274631,800,800,800,800,,,0.0530028968149266,0.002002896814926596,0.002002896814926596,0.0019241888036564316,0.34,0.08582679089158773,ok
objective-threshold-r06-gd-surrogate,objective,threshold,GD-surrogate,6,30006,40006,40006,curve,sin_pi,0.0,1,40,121,0.001,0.002506628274631,800,800,800,800,,,0.03074771651911074,0.0037477165191107387,0.0037477165191107387,0.0034288031710865536,0.18,0.0845037498511374,ok
objective-threshold-r06-mc00,objective,threshold,MC,6,30006,40006,2000600,curve,sin_pi,0.0,1,40,121,0.001,0.002506628274631,800,800,800,0,16.0,0.02,0.049556977542261536,0.0038069775422615386,0.0038069775422615386,0.003580495032203876,0.305,0.05834862496703863,ok
objective-threshold-r06-mc01,objective,threshold,MC,6,30006,40006,2000601,curve,sin_pi,0.0,1,40,121,0.001,0.002506628274631,800,800,800,0,21.0,0.02625,0.049521308461782786,0.0037713084617827896,0.0037713084617827896,0.0035496061906176097,0.305,0.0472058339510113,ok
objective-threshold-r06-mc02,objective,threshold,MC,6,30006,40006,2000602,curve,sin_pi,0.0,1,40,121,0.001,0.002506628274631,800,800,800,0,21.0,0.02625,0.04803029884796354,0.0037802988479635436,0.0037802988479635436,0.00353340092573333,0.295,0.05271025002002716,ok
objective-threshold-r06-mc03,objective,threshold,MC,6,30006,40006,2000603,curve,sin_pi,0.0,1,40,121,0.001,0.002506628274631,800,800,800,0,19.0,0.02375,0.04972170532306509,0.003971705323065087,0.003971705323065087,0.0037252308255411766,0.305,0.05247508315369487,ok
objective-threshold-r06-mc04,objective,threshold,MC,6,30006,40006,2000604,curve,sin_pi,0.0,1,40,121,0.001,0.002506628274631,800,800,800,0,9.0,0.01125,0.059684876835115544,0.0034348768351155517,0.0034348768351155517,0.0032382295755665645,0.375,0.05384087492711842,ok
objective-threshold-r07-gd-mse,objective,threshold,GD-MSE,7,30007,40007,40007,curve,sin_pi,0.0,1,40,121,0.001,0.002506628274631,800,800,800,800,,,0.0491114819514608,0.0018614819514607979,0.0018614819514607979,0.0017917919556938615,0.315,0.08416791702620685,ok
objective-threshold-r07-gd-surrogate,objective,threshold,GD-surrogate,7,30007,40007,40007,curve,sin_pi,0.0,1,40,121,0.001,0.002506628274631,800,800,800,800,,,0.02972241390688515,0.0034724139068851505,0.0034724139068851505,0.003184930627008828,0.175,0.09233604092150927,ok
objective-threshold-r07-mc00,objective,threshold,MC,7,30007,40007,2000700,curve,sin_pi,0.0,1,40,121,0.001,0.002506628274631,800,800,800,0,20.0,0.025,0.050516965355034284,0.004016965355034282,0.004016965355034282,0.0037842646397445636,0.31,0.042306417133659124,ok
objective-threshold-r07-mc01,objective,threshold,MC,7,30007,40007,2000701,curve,sin_pi,0.0,1,40,121,0.001,0.002506628274631,800,800,800,0,20.0,0.025,0.050508066576894634,0.004008066576894637,0.004008066576894637,0.003776023518849086,0.31,0.046415874967351556,ok
objective-threshold-r07-mc02,objective,threshold,MC,7,30007,40007,2000702,curve,sin_pi,0.0,1,40,121,0.001,0.002506628274631,800,800,800,0,21.0,0.02625,0.059573037721526896,0.0033230377215269034,0.0033230377215269034,0.003159089683111297,0.375,0.04556929087266326,ok
objective-threshold-r07-mc03,objective,threshold,MC,7,30007,40007,2000703,curve,sin_pi,0.0,1,40,121,0.001,0.002506628274631,800,800,800,0,17.0,0.02125,0.05133492270602696,0.004084922706026958,0.004084922706026958,0.003849522980633984,0.315,0.04683666699565947,ok
objective-threshold-r07-mc04,objective,threshold,MC,7,30007,40007,2000704,curve,sin_pi,0.0,1,40,121,0.001,0.002506628274631,800,800,800,0,23.0,0.02875,0.04975922480008876,0.004009224800088756,0.004009224800088756,0.0037615348175940085,0.305,0.045447165844962,ok
objective-threshold-r08-gd-mse,objective,threshold,GD-MSE,8,30008,40008,40008,curve,sin_pi,0.0,1,40,121,0.001,0.002506628274631,800,800,800,800,,,0.07639315874674941,0.0028931587467494226,0.0028931587467494226,0.002769433033630615,0.49,0.07944649993441999,ok
objective-threshold-r08-gd-surrogate,objective,threshold,GD-surrogate,8,30008,40008,40008,curve,sin_pi,0.0,1,40,121,0.001,0.002506628274631,800,800,800,800,,,0.037973553852761494,0.006473553852761491,0.006473553852761491,0.005909319950984001,0.21,0.0978869169484824,ok
objective-threshold-r08-mc00,objective,threshold,MC,8,30008,40008,2000800,curve,sin_pi,0.0,1,40,121,0.001,0.002506628274631,800,800,800,0,19.0,0.02375,0.07160148621226155,0.00485148621226154,0.00485148621226154,0.004611540511429137,0.445,0.04978366591967642,ok
objective-threshold-r08-mc01,objective,threshold,MC,8,30008,40008,2000801,curve,sin_pi,0.0,1,40,121,0.001,0.002506628274631,800,800,800,0,14.0,0.0175,0.07167434337610198,0.004924343376101986,0.004924343376101986,0.004658344854645314,0.445,0.051005749963223934,ok
objective-threshold-r08-mc02,objective,threshold,MC,8,30008,40008,2000802,curve,sin_pi,0.0,1,40,121,0.001,0.002506628274631,800,800,800,0,14.0,0.0175,0.07085666099277785,0.004856660992777841,0.004856660992777841,0.004593606976955522,0.44,0.050132749835029244,ok
objective-threshold-r08-mc03,objective,threshold,MC,8,30008,40008,2000803,curve,sin_pi,0.0,1,40,121,0.001,0.002506628274631,800,800,800,0,22.0,0.0275,0.059081210979690435,0.00583121097969044,0.00583121097969044,0.005482967551693979,0.355,0.05447529209777713,ok
objective-threshold-r08-mc04,objective,threshold,MC,8,30008,40008,2000804,curve,sin_pi,0.0,1,40,121,0.001,0.002506628274631,800,800,800,0,12.0,0.015,0.07031595982725294,0.005065959827252935,0.005065959827252935,0.004788797304165418,0.435,0.05413358309306204,ok
objective-threshold-r09-gd-mse,objective,threshold,GD-MSE,9,30009,40009,40009,curve,sin_pi,0.0,1,40,121,0.001,0.002506628274631,800,800,800,800,,,0.06064867481628141,0.002148674816281415,0.002148674816281415,0.00206224153533543,0.39,0.08309058286249638,ok
objective-threshold-r09-gd-surrogate,objective,threshold,GD-surrogate,9,30009,40009,40009,curve,sin_pi,0.0,1,40,121,0.001,0.002506628274631,800,800,800,800,,,0.03118822451862624,0.00418822451862624,0.00418822451862624,0.0038275160966714543,0.18,0.09573229192756116,ok
objective-threshold-r09-mc00,objective,threshold,MC,9,30009,40009,2000900,curve,sin_pi,0.0,1,40,121,0.001,0.002506628274631,800,800,800,0,8.0,0.01,0.06290956817931015,0.003659568179310157,0.003659568179310157,0.003464556324463598,0.395,0.05710049998015165,ok
objective-threshold-r09-mc01,objective,threshold,MC,9,30009,40009,2000901,curve,sin_pi,0.0,1,40,121,0.001,0.002506628274631,800,800,800,0,23.0,0.02875,0.05241057357097367,0.004410573570973673,0.004410573570973673,0.0041352274608187954,0.32,0.052082624984905124,ok
objective-threshold-r09-mc02,objective,threshold,MC,9,30009,40009,2000902,curve,sin_pi,0.0,1,40,121,0.001,0.002506628274631,800,800,800,0,18.0,0.0225,0.05327342338834415,0.004523423388344151,0.004523423388344151,0.004267626555629599,0.325,0.05331295798532665,ok
objective-threshold-r09-mc03,objective,threshold,MC,9,30009,40009,2000903,curve,sin_pi,0.0,1,40,121,0.001,0.002506628274631,800,800,800,0,13.0,0.01625,0.06523390469841651,0.0037339046984165235,0.0037339046984165235,0.0035716720006660056,0.41,0.04975112504325807,ok
objective-threshold-r09-mc04,objective,threshold,MC,9,30009,40009,2000904,curve,sin_pi,0.0,1,40,121,0.001,0.002506628274631,800,800,800,0,13.0,0.01625,0.06448751369707517,0.003737513697075171,0.003737513697075171,0.0035533126881620095,0.405,0.04928708402439952,ok
objective-threshold-r10-gd-mse,objective,threshold,GD-MSE,10,30010,40010,40010,curve,sin_pi,0.0,1,40,121,0.001,0.002506628274631,800,800,800,800,,,0.06148599219013128,0.0022359921901312827,0.0022359921901312827,0.0021450935093490623,0.395,0.08561325003392994,ok
objective-threshold-r10-gd-surrogate,objective,threshold,GD-surrogate,10,30010,40010,40010,curve,sin_pi,0.0,1,40,121,0.001,0.002506628274631,800,800,800,800,,,0.03316141258898367,0.0046614125889836685,0.0046614125889836685,0.004259206170432036,0.19,0.09090462513267994,ok
objective-threshold-r10-mc00,objective,threshold,MC,10,30010,40010,2001000,curve,sin_pi,0.0,1,40,121,0.001,0.002506628274631,800,800,800,0,7.0,0.00875,0.06784064302046319,0.004090643020463186,0.004090643020463186,0.0038990795273413726,0.425,0.05165833397768438,ok
objective-threshold-r10-mc01,objective,threshold,MC,10,30010,40010,2001001,curve,sin_pi,0.0,1,40,121,0.001,0.002506628274631,800,800,800,0,15.0,0.01875,0.06784619242366675,0.004096192423666748,0.004096192423666748,0.003901539980471042,0.425,0.05329195805825293,ok
objective-threshold-r10-mc02,objective,threshold,MC,10,30010,40010,2001002,curve,sin_pi,0.0,1,40,121,0.001,0.002506628274631,800,800,800,0,23.0,0.02875,0.055112637194888375,0.0048626371948883714,0.0048626371948883714,0.004558928087395195,0.335,0.058785167057067156,ok
objective-threshold-r10-mc03,objective,threshold,MC,10,30010,40010,2001003,curve,sin_pi,0.0,1,40,121,0.001,0.002506628274631,800,800,800,0,10.0,0.0125,0.06786682293539319,0.004116822935393185,0.004116822935393185,0.003913295841713005,0.425,0.050942666828632355,ok
objective-threshold-r10-mc04,objective,threshold,MC,10,30010,40010,2001004,curve,sin_pi,0.0,1,40,121,0.001,0.002506628274631,800,800,800,0,16.0,0.02,0.06344948949155735,0.004199489491557354,0.004199489491557354,0.003933682251134484,0.395,0.05392141593620181,ok
objective-threshold-r11-gd-mse,objective,threshold,GD-MSE,11,30011,40011,40011,curve,sin_pi,0.0,1,40,121,0.001,0.002506628274631,800,800,800,800,,,0.0755642091509811,0.0028142091509811033,0.0028142091509811033,0.002693949178354942,0.485,0.07327074999921024,ok
objective-threshold-r11-gd-surrogate,objective,threshold,GD-surrogate,11,30011,40011,40011,curve,sin_pi,0.0,1,40,121,0.001,0.002506628274631,800,800,800,800,,,0.03714779889656699,0.006397798896566995,0.006397798896566995,0.005841303901103889,0.205,0.08898091688752174,ok
objective-threshold-r11-mc00,objective,threshold,MC,11,30011,40011,2001100,curve,sin_pi,0.0,1,40,121,0.001,0.002506628274631,800,800,800,0,11.0,0.01375,0.07334958041307636,0.005099580413076354,0.005099580413076354,0.0048759451905694695,0.455,0.05858237482607365,ok
objective-threshold-r11-mc01,objective,threshold,MC,11,30011,40011,2001101,curve,sin_pi,0.0,1,40,121,0.001,0.002506628274631,800,800,800,0,29.0,0.03625,0.059196394941520195,0.005946394941520197,0.005946394941520197,0.005550565600694354,0.355,0.05711174989119172,ok
objective-threshold-r11-mc02,objective,threshold,MC,11,30011,40011,2001102,curve,sin_pi,0.0,1,40,121,0.001,0.002506628274631,800,800,800,0,18.0,0.0225,0.0582728857695267,0.005772885769526703,0.005772885769526703,0.005391792415335647,0.35,0.055835583014413714,ok
objective-threshold-r11-mc03,objective,threshold,MC,11,30011,40011,2001103,curve,sin_pi,0.0,1,40,121,0.001,0.002506628274631,800,800,800,0,13.0,0.01625,0.06939428097642514,0.004894280976425131,0.004894280976425131,0.004594450275517819,0.43,0.051051750080659986,ok
objective-threshold-r11-mc04,objective,threshold,MC,11,30011,40011,2001104,curve,sin_pi,0.0,1,40,121,0.001,0.002506628274631,800,800,800,0,9.0,0.01125,0.07252370372234,0.00502370372234,0.00502370372234,0.004788404379630446,0.45,0.05449670902453363,ok
